#! /c/Source/iverilog-install/bin/vvp
:ivl_version "12.0 (devel)" "(s20150603-1539-g2693dd32b)";
:ivl_delay_selection "TYPICAL";
:vpi_time_precision - 9;
:vpi_module "D:\APP_Install\21_iverilog\iverilog\lib\ivl\system.vpi";
:vpi_module "D:\APP_Install\21_iverilog\iverilog\lib\ivl\vhdl_sys.vpi";
:vpi_module "D:\APP_Install\21_iverilog\iverilog\lib\ivl\vhdl_textio.vpi";
:vpi_module "D:\APP_Install\21_iverilog\iverilog\lib\ivl\v2005_math.vpi";
:vpi_module "D:\APP_Install\21_iverilog\iverilog\lib\ivl\va_math.vpi";
:vpi_module "D:\APP_Install\21_iverilog\iverilog\lib\ivl\v2009.vpi";
S_000001b1a376b390 .scope package, "$unit" "$unit" 2 1;
 .timescale 0 0;
S_000001b1a374d2e0 .scope module, "tb_axi_master_simple" "tb_axi_master_simple" 3 24;
 .timescale -9 -9;
v000001b1a3c27a10_0 .var "clk_axi", 0 0;
v000001b1a3c270b0_0 .var "clk_rd", 0 0;
v000001b1a3c29630_0 .var "clk_wr", 0 0;
v000001b1a3c275b0_0 .var "err_cnt", 31 0;
v000001b1a3c28870 .array "exp_mem", 1023 0, 7 0;
v000001b1a3c28a50_0 .net "m_axi_araddr", 31 0, v000001b1a3c1fa60_0;  1 drivers
v000001b1a3c28050_0 .net "m_axi_arburst", 1 0, L_000001b1a37de500;  1 drivers
L_000001b1a3c31120 .functor BUFT 1, C4<0010>, C4<0>, C4<0>, C4<0>;
v000001b1a3c29310_0 .net "m_axi_arcache", 3 0, L_000001b1a3c31120;  1 drivers
L_000001b1a3c31000 .functor BUFT 1, C4<0>, C4<0>, C4<0>, C4<0>;
v000001b1a3c280f0_0 .net "m_axi_arid", 0 0, L_000001b1a3c31000;  1 drivers
v000001b1a3c28230_0 .net "m_axi_arlen", 7 0, L_000001b1a3c2e7a0;  1 drivers
L_000001b1a3c310d8 .functor BUFT 1, C4<0>, C4<0>, C4<0>, C4<0>;
v000001b1a3c27970_0 .net "m_axi_arlock", 0 0, L_000001b1a3c310d8;  1 drivers
L_000001b1a3c31168 .functor BUFT 1, C4<000>, C4<0>, C4<0>, C4<0>;
v000001b1a3c29270_0 .net "m_axi_arprot", 2 0, L_000001b1a3c31168;  1 drivers
L_000001b1a3c311b0 .functor BUFT 1, C4<0000>, C4<0>, C4<0>, C4<0>;
v000001b1a3c289b0_0 .net "m_axi_arqos", 3 0, L_000001b1a3c311b0;  1 drivers
v000001b1a3c27e70_0 .net "m_axi_arready", 0 0, L_000001b1a37de6c0;  1 drivers
L_000001b1a3c31090 .functor BUFT 1, C4<000>, C4<0>, C4<0>, C4<0>;
v000001b1a3c28ff0_0 .net "m_axi_arsize", 2 0, L_000001b1a3c31090;  1 drivers
v000001b1a3c27fb0_0 .net "m_axi_arvalid", 0 0, v000001b1a3c203c0_0;  1 drivers
v000001b1a3c293b0_0 .net "m_axi_awaddr", 31 0, v000001b1a3c21ed0_0;  1 drivers
v000001b1a3c27bf0_0 .net "m_axi_awburst", 1 0, L_000001b1a3b77a10;  1 drivers
L_000001b1a3c30ca0 .functor BUFT 1, C4<0010>, C4<0>, C4<0>, C4<0>;
v000001b1a3c282d0_0 .net "m_axi_awcache", 3 0, L_000001b1a3c30ca0;  1 drivers
L_000001b1a3c30b80 .functor BUFT 1, C4<0>, C4<0>, C4<0>, C4<0>;
v000001b1a3c29450_0 .net "m_axi_awid", 0 0, L_000001b1a3c30b80;  1 drivers
v000001b1a3c28f50_0 .net "m_axi_awlen", 7 0, L_000001b1a3c2d800;  1 drivers
L_000001b1a3c30c58 .functor BUFT 1, C4<0>, C4<0>, C4<0>, C4<0>;
v000001b1a3c29590_0 .net "m_axi_awlock", 0 0, L_000001b1a3c30c58;  1 drivers
L_000001b1a3c30ce8 .functor BUFT 1, C4<000>, C4<0>, C4<0>, C4<0>;
v000001b1a3c29090_0 .net "m_axi_awprot", 2 0, L_000001b1a3c30ce8;  1 drivers
L_000001b1a3c30d30 .functor BUFT 1, C4<0000>, C4<0>, C4<0>, C4<0>;
v000001b1a3c28730_0 .net "m_axi_awqos", 3 0, L_000001b1a3c30d30;  1 drivers
v000001b1a3c271f0_0 .net "m_axi_awready", 0 0, L_000001b1a37de570;  1 drivers
L_000001b1a3c30c10 .functor BUFT 1, C4<000>, C4<0>, C4<0>, C4<0>;
v000001b1a3c28690_0 .net "m_axi_awsize", 2 0, L_000001b1a3c30c10;  1 drivers
v000001b1a3c27ab0_0 .net "m_axi_awvalid", 0 0, v000001b1a3c22010_0;  1 drivers
o000001b1a3bc79a8 .functor BUFZ 1, C4<z>; HiZ drive
v000001b1a3c296d0_0 .net "m_axi_bid", 0 0, o000001b1a3bc79a8;  0 drivers
v000001b1a3c28af0_0 .net "m_axi_bready", 0 0, v000001b1a3c217f0_0;  1 drivers
o000001b1a3bc7a08 .functor BUFZ 2, C4<zz>; HiZ drive
v000001b1a3c28370_0 .net "m_axi_bresp", 1 0, o000001b1a3bc7a08;  0 drivers
v000001b1a3c29130_0 .net "m_axi_bvalid", 0 0, v000001b1a3c29ef0_0;  1 drivers
v000001b1a3c28190_0 .net "m_axi_rdata", 7 0, L_000001b1a37de730;  1 drivers
o000001b1a3bc6e68 .functor BUFZ 1, C4<z>; HiZ drive
v000001b1a3c28550_0 .net "m_axi_rid", 0 0, o000001b1a3bc6e68;  0 drivers
v000001b1a3c27b50_0 .net "m_axi_rlast", 0 0, L_000001b1a37de880;  1 drivers
v000001b1a3c28410_0 .net "m_axi_rready", 0 0, v000001b1a3c20780_0;  1 drivers
L_000001b1a3c31240 .functor BUFT 1, C4<00>, C4<0>, C4<0>, C4<0>;
v000001b1a3c27d30_0 .net "m_axi_rresp", 1 0, L_000001b1a3c31240;  1 drivers
v000001b1a3c27c90_0 .net "m_axi_rvalid", 0 0, v000001b1a3c2aad0_0;  1 drivers
v000001b1a3c273d0_0 .net "m_axi_wdata", 7 0, L_000001b1a3c2cd60;  1 drivers
v000001b1a3c284b0_0 .net "m_axi_wlast", 0 0, L_000001b1a37de180;  1 drivers
v000001b1a3c29770_0 .net "m_axi_wready", 0 0, L_000001b1a37de650;  1 drivers
L_000001b1a3c30d78 .functor BUFT 1, C4<1>, C4<0>, C4<0>, C4<0>;
v000001b1a3c294f0_0 .net "m_axi_wstrb", 0 0, L_000001b1a3c30d78;  1 drivers
v000001b1a3c285f0_0 .net "m_axi_wvalid", 0 0, L_000001b1a37ddd90;  1 drivers
v000001b1a3c287d0_0 .var "rd_burst_cnt", 31 0;
v000001b1a3c28910_0 .var "rst_n", 0 0;
v000001b1a3c27dd0_0 .var "test_done", 0 0;
v000001b1a3c27010_0 .var "test_pass", 0 0;
v000001b1a3c27f10_0 .var "user_rd_addr", 31 0;
v000001b1a3c27290_0 .var "user_rd_burst_type", 1 0;
v000001b1a3c27650_0 .net "user_rd_data_out", 7 0, L_000001b1a3b786c0;  1 drivers
v000001b1a3c28b90_0 .net "user_rd_error", 0 0, v000001b1a3c1f4c0_0;  1 drivers
v000001b1a3c28e10_0 .var "user_rd_len", 7 0;
v000001b1a3c27330_0 .var "user_rd_ready", 0 0;
v000001b1a3c27510_0 .var "user_rd_start", 0 0;
v000001b1a3c28c30_0 .net "user_rd_valid", 0 0, L_000001b1a3c2c720;  1 drivers
v000001b1a3c276f0_0 .var "user_wr_addr", 31 0;
v000001b1a3c28cd0_0 .var "user_wr_burst_type", 1 0;
v000001b1a3c291d0_0 .var "user_wr_data_in", 7 0;
v000001b1a3c27790_0 .net "user_wr_error", 0 0, v000001b1a3c24a20_0;  1 drivers
v000001b1a3c28d70_0 .var "user_wr_len", 7 0;
v000001b1a3c28eb0_0 .net "user_wr_ready", 0 0, L_000001b1a3c2e3e0;  1 drivers
v000001b1a3c27830_0 .var "user_wr_start", 0 0;
v000001b1a3c2da80_0 .var "user_wr_valid", 0 0;
v000001b1a3c2e840_0 .var "wr_burst_cnt", 31 0;
S_000001b1a3bb6f90 .scope module, "dut" "AXI_FULL_Master_With_USER_Port" 3 128, 4 4 0, S_000001b1a374d2e0;
 .timescale -9 -9;
    .port_info 0 /INPUT 1 "clk_wr";
    .port_info 1 /INPUT 1 "clk_rd";
    .port_info 2 /INPUT 1 "clk_axi";
    .port_info 3 /INPUT 1 "rst_n";
    .port_info 4 /INPUT 1 "user_wr_start";
    .port_info 5 /INPUT 1 "user_rd_start";
    .port_info 6 /INPUT 1 "user_wr_valid";
    .port_info 7 /INPUT 8 "user_wr_data_in";
    .port_info 8 /OUTPUT 1 "user_wr_ready";
    .port_info 9 /INPUT 32 "user_wr_addr";
    .port_info 10 /INPUT 8 "user_wr_len";
    .port_info 11 /INPUT 2 "user_wr_burst_type";
    .port_info 12 /OUTPUT 1 "user_wr_error";
    .port_info 13 /INPUT 2 "user_awuser";
    .port_info 14 /INPUT 2 "user_wuser";
    .port_info 15 /OUTPUT 1 "user_rd_valid";
    .port_info 16 /OUTPUT 8 "user_rd_data_out";
    .port_info 17 /INPUT 1 "user_rd_ready";
    .port_info 18 /INPUT 32 "user_rd_addr";
    .port_info 19 /INPUT 8 "user_rd_len";
    .port_info 20 /INPUT 2 "user_rd_burst_type";
    .port_info 21 /OUTPUT 1 "user_rd_error";
    .port_info 22 /INPUT 2 "user_aruser";
    .port_info 23 /OUTPUT 1 "M_AXI_AWID";
    .port_info 24 /OUTPUT 32 "M_AXI_AWADDR";
    .port_info 25 /OUTPUT 8 "M_AXI_AWLEN";
    .port_info 26 /OUTPUT 3 "M_AXI_AWSIZE";
    .port_info 27 /OUTPUT 2 "M_AXI_AWBURST";
    .port_info 28 /OUTPUT 1 "M_AXI_AWLOCK";
    .port_info 29 /OUTPUT 4 "M_AXI_AWCACHE";
    .port_info 30 /OUTPUT 3 "M_AXI_AWPROT";
    .port_info 31 /OUTPUT 4 "M_AXI_AWQOS";
    .port_info 32 /OUTPUT 2 "M_AXI_AWUSER";
    .port_info 33 /OUTPUT 1 "M_AXI_AWVALID";
    .port_info 34 /INPUT 1 "M_AXI_AWREADY";
    .port_info 35 /OUTPUT 8 "M_AXI_WDATA";
    .port_info 36 /OUTPUT 1 "M_AXI_WSTRB";
    .port_info 37 /OUTPUT 1 "M_AXI_WLAST";
    .port_info 38 /OUTPUT 2 "M_AXI_WUSER";
    .port_info 39 /OUTPUT 1 "M_AXI_WVALID";
    .port_info 40 /INPUT 1 "M_AXI_WREADY";
    .port_info 41 /INPUT 1 "M_AXI_BID";
    .port_info 42 /INPUT 2 "M_AXI_BRESP";
    .port_info 43 /INPUT 2 "M_AXI_BUSER";
    .port_info 44 /INPUT 1 "M_AXI_BVALID";
    .port_info 45 /OUTPUT 1 "M_AXI_BREADY";
    .port_info 46 /OUTPUT 1 "M_AXI_ARID";
    .port_info 47 /OUTPUT 32 "M_AXI_ARADDR";
    .port_info 48 /OUTPUT 8 "M_AXI_ARLEN";
    .port_info 49 /OUTPUT 3 "M_AXI_ARSIZE";
    .port_info 50 /OUTPUT 2 "M_AXI_ARBURST";
    .port_info 51 /OUTPUT 1 "M_AXI_ARLOCK";
    .port_info 52 /OUTPUT 4 "M_AXI_ARCACHE";
    .port_info 53 /OUTPUT 3 "M_AXI_ARPROT";
    .port_info 54 /OUTPUT 4 "M_AXI_ARQOS";
    .port_info 55 /OUTPUT 2 "M_AXI_ARUSER";
    .port_info 56 /OUTPUT 1 "M_AXI_ARVALID";
    .port_info 57 /INPUT 1 "M_AXI_ARREADY";
    .port_info 58 /INPUT 1 "M_AXI_RID";
    .port_info 59 /INPUT 8 "M_AXI_RDATA";
    .port_info 60 /INPUT 2 "M_AXI_RRESP";
    .port_info 61 /INPUT 1 "M_AXI_RLAST";
    .port_info 62 /INPUT 2 "M_AXI_RUSER";
    .port_info 63 /INPUT 1 "M_AXI_RVALID";
    .port_info 64 /OUTPUT 1 "M_AXI_RREADY";
P_000001b1a3bb95c0 .param/l "C_M_AXI_ADDR_WIDTH" 0 4 7, +C4<00000000000000000000000000100000>;
P_000001b1a3bb95f8 .param/l "C_M_AXI_ARUSER_WIDTH" 0 4 12, +C4<00000000000000000000000000000000>;
P_000001b1a3bb9630 .param/l "C_M_AXI_AWUSER_WIDTH" 0 4 11, +C4<00000000000000000000000000000000>;
P_000001b1a3bb9668 .param/l "C_M_AXI_BUSER_WIDTH" 0 4 15, +C4<00000000000000000000000000000000>;
P_000001b1a3bb96a0 .param/l "C_M_AXI_DATA_WIDTH" 0 4 8, +C4<00000000000000000000000000001000>;
P_000001b1a3bb96d8 .param/l "C_M_AXI_ID_WIDTH" 0 4 6, +C4<00000000000000000000000000000001>;
P_000001b1a3bb9710 .param/l "C_M_AXI_RD_LEN_WIDTH" 0 4 10, +C4<00000000000000000000000000001000>;
P_000001b1a3bb9748 .param/l "C_M_AXI_RUSER_WIDTH" 0 4 14, +C4<00000000000000000000000000000000>;
P_000001b1a3bb9780 .param/l "C_M_AXI_WR_LEN_WIDTH" 0 4 9, +C4<00000000000000000000000000001000>;
P_000001b1a3bb97b8 .param/l "C_M_AXI_WUSER_WIDTH" 0 4 13, +C4<00000000000000000000000000000000>;
P_000001b1a3bb97f0 .param/l "C_M_TARGET_SLAVE_BASE_ADDR" 0 4 5, C4<00000000000000000000000000000000>;
v000001b1a3c23d00_0 .net "M_AXI_ARADDR", 31 0, v000001b1a3c1fa60_0;  alias, 1 drivers
v000001b1a3c23260_0 .net "M_AXI_ARBURST", 1 0, L_000001b1a37de500;  alias, 1 drivers
v000001b1a3c24b60_0 .net "M_AXI_ARCACHE", 3 0, L_000001b1a3c31120;  alias, 1 drivers
v000001b1a3c23300_0 .net "M_AXI_ARID", 0 0, L_000001b1a3c31000;  alias, 1 drivers
v000001b1a3c23a80_0 .net "M_AXI_ARLEN", 7 0, L_000001b1a3c2e7a0;  alias, 1 drivers
v000001b1a3c23bc0_0 .net "M_AXI_ARLOCK", 0 0, L_000001b1a3c310d8;  alias, 1 drivers
v000001b1a3c24980_0 .net "M_AXI_ARPROT", 2 0, L_000001b1a3c31168;  alias, 1 drivers
v000001b1a3c239e0_0 .net "M_AXI_ARQOS", 3 0, L_000001b1a3c311b0;  alias, 1 drivers
v000001b1a3c23620_0 .net "M_AXI_ARREADY", 0 0, L_000001b1a37de6c0;  alias, 1 drivers
v000001b1a3c24c00_0 .net "M_AXI_ARSIZE", 2 0, L_000001b1a3c31090;  alias, 1 drivers
v000001b1a3c234e0_0 .net "M_AXI_ARUSER", -1 0, L_000001b1a37de3b0;  1 drivers
v000001b1a3c23f80_0 .net "M_AXI_ARVALID", 0 0, v000001b1a3c203c0_0;  alias, 1 drivers
v000001b1a3c22fe0_0 .net "M_AXI_AWADDR", 31 0, v000001b1a3c21ed0_0;  alias, 1 drivers
v000001b1a3c23940_0 .net "M_AXI_AWBURST", 1 0, L_000001b1a3b77a10;  alias, 1 drivers
v000001b1a3c24ca0_0 .net "M_AXI_AWCACHE", 3 0, L_000001b1a3c30ca0;  alias, 1 drivers
v000001b1a3c23b20_0 .net "M_AXI_AWID", 0 0, L_000001b1a3c30b80;  alias, 1 drivers
v000001b1a3c24340_0 .net "M_AXI_AWLEN", 7 0, L_000001b1a3c2d800;  alias, 1 drivers
v000001b1a3c231c0_0 .net "M_AXI_AWLOCK", 0 0, L_000001b1a3c30c58;  alias, 1 drivers
v000001b1a3c24840_0 .net "M_AXI_AWPROT", 2 0, L_000001b1a3c30ce8;  alias, 1 drivers
v000001b1a3c23da0_0 .net "M_AXI_AWQOS", 3 0, L_000001b1a3c30d30;  alias, 1 drivers
v000001b1a3c24d40_0 .net "M_AXI_AWREADY", 0 0, L_000001b1a37de570;  alias, 1 drivers
v000001b1a3c24700_0 .net "M_AXI_AWSIZE", 2 0, L_000001b1a3c30c10;  alias, 1 drivers
v000001b1a3c23e40_0 .net "M_AXI_AWUSER", -1 0, L_000001b1a3b79680;  1 drivers
v000001b1a3c24de0_0 .net "M_AXI_AWVALID", 0 0, v000001b1a3c22010_0;  alias, 1 drivers
v000001b1a3c24520_0 .net "M_AXI_BID", 0 0, o000001b1a3bc79a8;  alias, 0 drivers
v000001b1a3c236c0_0 .net "M_AXI_BREADY", 0 0, v000001b1a3c217f0_0;  alias, 1 drivers
v000001b1a3c23760_0 .net "M_AXI_BRESP", 1 0, o000001b1a3bc7a08;  alias, 0 drivers
o000001b1a3bc7a38 .functor BUFZ 2, C4<zz>; HiZ drive
v000001b1a3c23ee0_0 .net "M_AXI_BUSER", -1 0, o000001b1a3bc7a38;  0 drivers
v000001b1a3c23800_0 .net "M_AXI_BVALID", 0 0, v000001b1a3c29ef0_0;  alias, 1 drivers
v000001b1a3c24020_0 .net "M_AXI_RDATA", 7 0, L_000001b1a37de730;  alias, 1 drivers
v000001b1a3c240c0_0 .net "M_AXI_RID", 0 0, o000001b1a3bc6e68;  alias, 0 drivers
v000001b1a3c24e80_0 .net "M_AXI_RLAST", 0 0, L_000001b1a37de880;  alias, 1 drivers
v000001b1a3c24160_0 .net "M_AXI_RREADY", 0 0, v000001b1a3c20780_0;  alias, 1 drivers
v000001b1a3c23080_0 .net "M_AXI_RRESP", 1 0, L_000001b1a3c31240;  alias, 1 drivers
o000001b1a3bc6f28 .functor BUFZ 2, C4<zz>; HiZ drive
v000001b1a3c243e0_0 .net "M_AXI_RUSER", -1 0, o000001b1a3bc6f28;  0 drivers
v000001b1a3c24660_0 .net "M_AXI_RVALID", 0 0, v000001b1a3c2aad0_0;  alias, 1 drivers
v000001b1a3c23120_0 .net "M_AXI_WDATA", 7 0, L_000001b1a3c2cd60;  alias, 1 drivers
v000001b1a3c233a0_0 .net "M_AXI_WLAST", 0 0, L_000001b1a37de180;  alias, 1 drivers
v000001b1a3c25b30_0 .net "M_AXI_WREADY", 0 0, L_000001b1a37de650;  alias, 1 drivers
v000001b1a3c25bd0_0 .net "M_AXI_WSTRB", 0 0, L_000001b1a3c30d78;  alias, 1 drivers
v000001b1a3c25f90_0 .net "M_AXI_WUSER", -1 0, L_000001b1a37df6f0;  1 drivers
v000001b1a3c26530_0 .net "M_AXI_WVALID", 0 0, L_000001b1a37ddd90;  alias, 1 drivers
v000001b1a3c25c70_0 .net "clk_axi", 0 0, v000001b1a3c27a10_0;  1 drivers
v000001b1a3c251d0_0 .net "clk_rd", 0 0, v000001b1a3c270b0_0;  1 drivers
v000001b1a3c25770_0 .net "clk_wr", 0 0, v000001b1a3c29630_0;  1 drivers
v000001b1a3c26170_0 .net "data_in", 7 0, L_000001b1a37de420;  1 drivers
v000001b1a3c26e90_0 .net "data_in_vld", 0 0, L_000001b1a37de490;  1 drivers
v000001b1a3c25130_0 .net "data_rd_en", 0 0, L_000001b1a37ddc40;  1 drivers
v000001b1a3c267b0_0 .net "rd_addr_out", 31 0, L_000001b1a3b78ff0;  1 drivers
v000001b1a3c259f0_0 .net "rd_fifo_full", 0 0, L_000001b1a3b791b0;  1 drivers
v000001b1a3c26210_0 .net "rd_len_out", 7 0, L_000001b1a3b78730;  1 drivers
v000001b1a3c26670_0 .net "rst_n", 0 0, v000001b1a3c28910_0;  1 drivers
o000001b1a3bc7138 .functor BUFZ 2, C4<zz>; HiZ drive
v000001b1a3c25950_0 .net "user_aruser", -1 0, o000001b1a3bc7138;  0 drivers
o000001b1a3bc7fa8 .functor BUFZ 2, C4<zz>; HiZ drive
v000001b1a3c25ef0_0 .net "user_awuser", -1 0, o000001b1a3bc7fa8;  0 drivers
v000001b1a3c26490_0 .net "user_rd_addr", 31 0, v000001b1a3c27f10_0;  1 drivers
v000001b1a3c25630_0 .net "user_rd_burst_type", 1 0, v000001b1a3c27290_0;  1 drivers
v000001b1a3c25e50_0 .net "user_rd_data_out", 7 0, L_000001b1a3b786c0;  alias, 1 drivers
v000001b1a3c26cb0_0 .net "user_rd_error", 0 0, v000001b1a3c1f4c0_0;  alias, 1 drivers
v000001b1a3c268f0_0 .net "user_rd_len", 7 0, v000001b1a3c28e10_0;  1 drivers
v000001b1a3c26ad0_0 .net "user_rd_ready", 0 0, v000001b1a3c27330_0;  1 drivers
v000001b1a3c25a90_0 .net "user_rd_start", 0 0, v000001b1a3c27510_0;  1 drivers
v000001b1a3c25db0_0 .net "user_rd_valid", 0 0, L_000001b1a3c2c720;  alias, 1 drivers
v000001b1a3c25810_0 .net "user_wr_addr", 31 0, v000001b1a3c276f0_0;  1 drivers
v000001b1a3c25d10_0 .net "user_wr_burst_type", 1 0, v000001b1a3c28cd0_0;  1 drivers
v000001b1a3c26030_0 .net "user_wr_data_in", 7 0, v000001b1a3c291d0_0;  1 drivers
v000001b1a3c26850_0 .net "user_wr_error", 0 0, v000001b1a3c24a20_0;  alias, 1 drivers
v000001b1a3c258b0_0 .net "user_wr_len", 7 0, v000001b1a3c28d70_0;  1 drivers
v000001b1a3c260d0_0 .net "user_wr_ready", 0 0, L_000001b1a3c2e3e0;  alias, 1 drivers
v000001b1a3c26990_0 .net "user_wr_start", 0 0, v000001b1a3c27830_0;  1 drivers
v000001b1a3c26d50_0 .net "user_wr_valid", 0 0, v000001b1a3c2da80_0;  1 drivers
o000001b1a3bc7fd8 .functor BUFZ 2, C4<zz>; HiZ drive
v000001b1a3c25270_0 .net "user_wuser", -1 0, o000001b1a3bc7fd8;  0 drivers
v000001b1a3c26b70_0 .net "wr_addr_out", 31 0, L_000001b1a3b78ea0;  1 drivers
v000001b1a3c24ff0_0 .net "wr_data_out", 7 0, v000001b1a3b828d0_0;  1 drivers
v000001b1a3c26c10_0 .net "wr_fifo_empty", 0 0, L_000001b1a3b79220;  1 drivers
v000001b1a3c25090_0 .net "wr_len_out", 7 0, L_000001b1a3b77fc0;  1 drivers
S_000001b1a3bbf2e0 .scope module, "Data_RX_inst" "Data_RX" 4 151, 5 4 0, S_000001b1a3bb6f90;
 .timescale -9 -9;
    .port_info 0 /INPUT 1 "clk_wr";
    .port_info 1 /INPUT 1 "clk_axi";
    .port_info 2 /INPUT 1 "rst_n";
    .port_info 3 /INPUT 1 "wr_valid";
    .port_info 4 /INPUT 8 "wr_data_in";
    .port_info 5 /OUTPUT 1 "wr_ready";
    .port_info 6 /INPUT 32 "wr_addr";
    .port_info 7 /INPUT 8 "wr_len";
    .port_info 8 /INPUT 1 "data_rd_en";
    .port_info 9 /OUTPUT 1 "wr_fifo_empty";
    .port_info 10 /OUTPUT 32 "wr_addr_out";
    .port_info 11 /OUTPUT 8 "wr_len_out";
    .port_info 12 /OUTPUT 8 "wr_data_out";
P_000001b1a37ac340 .param/l "C_M_AXI_ADDR_WIDTH" 0 5 6, +C4<00000000000000000000000000100000>;
P_000001b1a37ac378 .param/l "C_M_AXI_DATA_WIDTH" 0 5 5, +C4<00000000000000000000000000001000>;
P_000001b1a37ac3b0 .param/l "C_M_AXI_WR_LEN_WIDTH" 0 5 7, +C4<00000000000000000000000000001000>;
L_000001b1a3b79220 .functor BUFZ 1, L_000001b1a3c2e480, C4<0>, C4<0>, C4<0>;
L_000001b1a3b78ea0 .functor BUFZ 32, v000001b1a3c276f0_0, C4<00000000000000000000000000000000>, C4<00000000000000000000000000000000>, C4<00000000000000000000000000000000>;
L_000001b1a3b77fc0 .functor BUFZ 8, v000001b1a3c28d70_0, C4<00000000>, C4<00000000>, C4<00000000>;
L_000001b1a3c30b38 .functor BUFT 1, C4<1>, C4<0>, C4<0>, C4<0>;
v000001b1a3c13450_0 .net/2u *"_ivl_10", 0 0, L_000001b1a3c30b38;  1 drivers
L_000001b1a3c30868 .functor BUFT 1, C4<1>, C4<0>, C4<0>, C4<0>;
v000001b1a3c12c30_0 .net/2u *"_ivl_2", 0 0, L_000001b1a3c30868;  1 drivers
L_000001b1a3c308b0 .functor BUFT 1, C4<0>, C4<0>, C4<0>, C4<0>;
v000001b1a3c14530_0 .net/2u *"_ivl_4", 0 0, L_000001b1a3c308b0;  1 drivers
L_000001b1a3c30af0 .functor BUFT 1, C4<0>, C4<0>, C4<0>, C4<0>;
v000001b1a3c147b0_0 .net/2u *"_ivl_8", 0 0, L_000001b1a3c30af0;  1 drivers
v000001b1a3c148f0_0 .net "clk_axi", 0 0, v000001b1a3c27a10_0;  alias, 1 drivers
v000001b1a3c13810_0 .net "clk_wr", 0 0, v000001b1a3c29630_0;  alias, 1 drivers
v000001b1a3c13310_0 .net "data_rd_en", 0 0, L_000001b1a37ddc40;  alias, 1 drivers
v000001b1a3c145d0_0 .net "fifo_empty", 0 0, L_000001b1a3c2e480;  1 drivers
v000001b1a3c14210_0 .net "fifo_full", 0 0, L_000001b1a3c2d1c0;  1 drivers
v000001b1a3c134f0_0 .net "fifo_rd_en", 0 0, L_000001b1a3c2ccc0;  1 drivers
v000001b1a3c12ff0_0 .net "rst_n", 0 0, v000001b1a3c28910_0;  alias, 1 drivers
v000001b1a3c12d70_0 .net "wr_addr", 31 0, v000001b1a3c276f0_0;  alias, 1 drivers
v000001b1a3c138b0_0 .net "wr_addr_out", 31 0, L_000001b1a3b78ea0;  alias, 1 drivers
v000001b1a3c13ef0_0 .net "wr_data_in", 7 0, v000001b1a3c291d0_0;  alias, 1 drivers
v000001b1a3c13950_0 .net "wr_data_out", 7 0, v000001b1a3b828d0_0;  alias, 1 drivers
v000001b1a3c14350_0 .net "wr_fifo_empty", 0 0, L_000001b1a3b79220;  alias, 1 drivers
v000001b1a3c13630_0 .net "wr_len", 7 0, v000001b1a3c28d70_0;  alias, 1 drivers
v000001b1a3c139f0_0 .net "wr_len_out", 7 0, L_000001b1a3b77fc0;  alias, 1 drivers
v000001b1a3c12eb0_0 .net "wr_ready", 0 0, L_000001b1a3c2e3e0;  alias, 1 drivers
v000001b1a3c14490_0 .net "wr_valid", 0 0, v000001b1a3c2da80_0;  alias, 1 drivers
L_000001b1a3c2ccc0 .functor MUXZ 1, L_000001b1a3c308b0, L_000001b1a3c30868, L_000001b1a37ddc40, C4<>;
L_000001b1a3c2e3e0 .functor MUXZ 1, L_000001b1a3c30b38, L_000001b1a3c30af0, L_000001b1a3c2d1c0, C4<>;
S_000001b1a3bbf470 .scope module, "rx_data_fifo_inst" "fifo_async" 5 46, 6 13 0, S_000001b1a3bbf2e0;
 .timescale -9 -9;
    .port_info 0 /INPUT 1 "wr_clk";
    .port_info 1 /INPUT 1 "wr_en";
    .port_info 2 /INPUT 8 "din";
    .port_info 3 /OUTPUT 1 "full";
    .port_info 4 /OUTPUT 1 "almost_full";
    .port_info 5 /INPUT 1 "rd_clk";
    .port_info 6 /INPUT 1 "rd_en";
    .port_info 7 /OUTPUT 8 "dout";
    .port_info 8 /OUTPUT 1 "empty";
    .port_info 9 /OUTPUT 1 "almost_empty";
P_000001b1a3b9b750 .param/l "ADDR_WIDTH" 0 6 17, +C4<00000000000000000000000000000101>;
P_000001b1a3b9b788 .param/l "DATA_WIDTH" 0 6 15, +C4<00000000000000000000000000001000>;
P_000001b1a3b9b7c0 .param/l "DEPTH" 0 6 16, +C4<00000000000000000000000000100000>;
P_000001b1a3b9b7f8 .param/str "MODE" 0 6 14, "FWFT";
P_000001b1a3b9b830 .param/l "PTR_WIDTH" 1 6 37, +C4<00000000000000000000000000000110>;
L_000001b1a3b78a40 .functor XOR 6, L_000001b1a3c2ea20, L_000001b1a3c2ce00, C4<000000>, C4<000000>;
L_000001b1a3b79290 .functor XOR 6, L_000001b1a3c2dee0, L_000001b1a3c2db20, C4<000000>, C4<000000>;
L_000001b1a3b77e70 .functor BUFZ 8, L_000001b1a3c2d9e0, C4<00000000>, C4<00000000>, C4<00000000>;
L_000001b1a3b78c70 .functor AND 1, L_000001b1a3c2ccc0, L_000001b1a3c2e2a0, C4<1>, C4<1>;
L_000001b1a3c308f8 .functor BUFT 1, C4<000001>, C4<0>, C4<0>, C4<0>;
v000001b1a3b97c30_0 .net/2u *"_ivl_0", 5 0, L_000001b1a3c308f8;  1 drivers
L_000001b1a3c30988 .functor BUFT 1, C4<000010>, C4<0>, C4<0>, C4<0>;
v000001b1a3b97050_0 .net/2u *"_ivl_18", 5 0, L_000001b1a3c30988;  1 drivers
v000001b1a3b974b0_0 .net *"_ivl_20", 5 0, L_000001b1a3c2c860;  1 drivers
L_000001b1a3c309d0 .functor BUFT 1, C4<000001>, C4<0>, C4<0>, C4<0>;
v000001b1a3b96330_0 .net/2u *"_ivl_24", 5 0, L_000001b1a3c309d0;  1 drivers
v000001b1a3b97550_0 .net *"_ivl_28", 5 0, L_000001b1a3c2dee0;  1 drivers
v000001b1a3b97870_0 .net *"_ivl_30", 4 0, L_000001b1a3c2ec00;  1 drivers
L_000001b1a3c30a18 .functor BUFT 1, C4<0>, C4<0>, C4<0>, C4<0>;
v000001b1a3b96010_0 .net *"_ivl_32", 0 0, L_000001b1a3c30a18;  1 drivers
v000001b1a3b97230_0 .net *"_ivl_4", 5 0, L_000001b1a3c2ea20;  1 drivers
v000001b1a3b96ab0_0 .net *"_ivl_40", 7 0, L_000001b1a3c2d9e0;  1 drivers
v000001b1a3b96b50_0 .net *"_ivl_43", 4 0, L_000001b1a3c2e200;  1 drivers
v000001b1a3b960b0_0 .net *"_ivl_44", 6 0, L_000001b1a3c2c680;  1 drivers
L_000001b1a3c30a60 .functor BUFT 1, C4<00>, C4<0>, C4<0>, C4<0>;
v000001b1a3b96dd0_0 .net *"_ivl_47", 1 0, L_000001b1a3c30a60;  1 drivers
v000001b1a3b963d0_0 .net *"_ivl_53", 0 0, L_000001b1a3c2d3a0;  1 drivers
v000001b1a3b979b0_0 .net *"_ivl_55", 0 0, L_000001b1a3c2e2a0;  1 drivers
v000001b1a3b97730_0 .net *"_ivl_6", 4 0, L_000001b1a3c2eac0;  1 drivers
L_000001b1a3c30aa8 .functor BUFT 1, C4<000001>, C4<0>, C4<0>, C4<0>;
v000001b1a3b96470_0 .net/2u *"_ivl_62", 5 0, L_000001b1a3c30aa8;  1 drivers
v000001b1a3b96510_0 .net *"_ivl_64", 5 0, L_000001b1a3c2c7c0;  1 drivers
L_000001b1a3c30940 .functor BUFT 1, C4<0>, C4<0>, C4<0>, C4<0>;
v000001b1a3b96650_0 .net *"_ivl_8", 0 0, L_000001b1a3c30940;  1 drivers
v000001b1a3b96f10_0 .net "almost_empty", 0 0, L_000001b1a3c2c5e0;  1 drivers
v000001b1a3b82650_0 .net "almost_full", 0 0, L_000001b1a3c2ed40;  1 drivers
v000001b1a3b830f0_0 .net "din", 7 0, v000001b1a3c291d0_0;  alias, 1 drivers
v000001b1a3b839b0_0 .net "dout", 7 0, v000001b1a3b828d0_0;  alias, 1 drivers
v000001b1a3b83550_0 .net "empty", 0 0, L_000001b1a3c2e480;  alias, 1 drivers
v000001b1a3b83a50_0 .net "full", 0 0, L_000001b1a3c2d1c0;  alias, 1 drivers
v000001b1a3b828d0_0 .var "fwft_dout", 7 0;
v000001b1a3b81d90_0 .var "fwft_valid", 0 0;
v000001b1a3b82970 .array "mem", 31 0, 7 0;
v000001b1a3b81e30_0 .net "ram_dout", 7 0, L_000001b1a3b77e70;  1 drivers
v000001b1a3b72710_0 .net "rd_allow", 0 0, L_000001b1a3b78c70;  1 drivers
v000001b1a3b72a30_0 .net "rd_clk", 0 0, v000001b1a3c27a10_0;  alias, 1 drivers
v000001b1a3b72fd0_0 .net "rd_en", 0 0, L_000001b1a3c2ccc0;  alias, 1 drivers
v000001b1a3b731b0_0 .var "rd_ptr_bin", 5 0;
v000001b1a3c14710_0 .net "rd_ptr_bin_next", 5 0, L_000001b1a3c2db20;  1 drivers
v000001b1a3c12cd0_0 .net "rd_ptr_bin_synced", 5 0, L_000001b1a3c2e160;  1 drivers
v000001b1a3c142b0_0 .var "rd_ptr_gray", 5 0;
v000001b1a3c14670_0 .net "rd_ptr_gray_next", 5 0, L_000001b1a3b79290;  1 drivers
v000001b1a3c13d10_0 .var "rd_ptr_gray_sync1", 5 0;
v000001b1a3c13590_0 .var "rd_ptr_gray_sync2", 5 0;
v000001b1a3c12e10_0 .net "rd_ptr_gray_synced", 5 0, v000001b1a3c13590_0;  1 drivers
v000001b1a3c14a30_0 .net "std_empty", 0 0, L_000001b1a3c2e0c0;  1 drivers
v000001b1a3c13130_0 .net "wr_clk", 0 0, v000001b1a3c29630_0;  alias, 1 drivers
v000001b1a3c13b30_0 .net "wr_en", 0 0, v000001b1a3c2da80_0;  alias, 1 drivers
v000001b1a3c13db0_0 .var "wr_ptr_bin", 5 0;
v000001b1a3c13e50_0 .net "wr_ptr_bin_next", 5 0, L_000001b1a3c2ce00;  1 drivers
v000001b1a3c13770_0 .net "wr_ptr_bin_synced", 5 0, L_000001b1a3c2dbc0;  1 drivers
v000001b1a3c12b90_0 .var "wr_ptr_gray", 5 0;
v000001b1a3c13090_0 .net "wr_ptr_gray_next", 5 0, L_000001b1a3b78a40;  1 drivers
v000001b1a3c133b0_0 .var "wr_ptr_gray_sync1", 5 0;
v000001b1a3c136d0_0 .var "wr_ptr_gray_sync2", 5 0;
v000001b1a3c14990_0 .net "wr_ptr_gray_synced", 5 0, v000001b1a3c136d0_0;  1 drivers
E_000001b1a3b7f930 .event posedge, v000001b1a3b72a30_0;
E_000001b1a3b7efb0 .event posedge, v000001b1a3c13130_0;
L_000001b1a3c2ce00 .arith/sum 6, v000001b1a3c13db0_0, L_000001b1a3c308f8;
L_000001b1a3c2eac0 .part L_000001b1a3c2ce00, 1, 5;
L_000001b1a3c2ea20 .concat [ 5 1 0 0], L_000001b1a3c2eac0, L_000001b1a3c30940;
L_000001b1a3c2e160 .ufunc/vec4 TD_tb_axi_master_simple.dut.Data_RX_inst.rx_data_fifo_inst.gray2bin, 6, v000001b1a3c13590_0 (v000001b1a3b97410_0) S_000001b1a3744bd0;
L_000001b1a3c2d1c0 .cmp/eq 6, L_000001b1a3b78a40, v000001b1a3c13590_0;
L_000001b1a3c2c860 .arith/sum 6, L_000001b1a3c2ce00, L_000001b1a3c30988;
L_000001b1a3c2ed40 .cmp/ge 6, L_000001b1a3c2c860, L_000001b1a3c2e160;
L_000001b1a3c2db20 .arith/sum 6, v000001b1a3b731b0_0, L_000001b1a3c309d0;
L_000001b1a3c2ec00 .part L_000001b1a3c2db20, 1, 5;
L_000001b1a3c2dee0 .concat [ 5 1 0 0], L_000001b1a3c2ec00, L_000001b1a3c30a18;
L_000001b1a3c2dbc0 .ufunc/vec4 TD_tb_axi_master_simple.dut.Data_RX_inst.rx_data_fifo_inst.gray2bin, 6, v000001b1a3c136d0_0 (v000001b1a3b97410_0) S_000001b1a3744bd0;
L_000001b1a3c2d9e0 .array/port v000001b1a3b82970, L_000001b1a3c2c680;
L_000001b1a3c2e200 .part v000001b1a3b731b0_0, 0, 5;
L_000001b1a3c2c680 .concat [ 5 2 0 0], L_000001b1a3c2e200, L_000001b1a3c30a60;
L_000001b1a3c2e0c0 .cmp/eq 6, v000001b1a3c142b0_0, v000001b1a3c136d0_0;
L_000001b1a3c2d3a0 .reduce/nor v000001b1a3b81d90_0;
L_000001b1a3c2e2a0 .reduce/nor L_000001b1a3c2d3a0;
L_000001b1a3c2e480 .reduce/nor v000001b1a3b81d90_0;
L_000001b1a3c2c7c0 .arith/sum 6, v000001b1a3b731b0_0, L_000001b1a3c30aa8;
L_000001b1a3c2c5e0 .cmp/ge 6, L_000001b1a3c2c7c0, L_000001b1a3c2dbc0;
S_000001b1a3744bd0 .scope function.vec4.s6, "gray2bin" "gray2bin" 6 63, 6 63 0, S_000001b1a3bbf470;
 .timescale -9 -9;
v000001b1a3b96a10_0 .var "b", 5 0;
v000001b1a3b97410_0 .var "g", 5 0;
; Variable gray2bin is vec4 return value of scope S_000001b1a3744bd0
v000001b1a3b97a50_0 .var/i "i", 31 0;
TD_tb_axi_master_simple.dut.Data_RX_inst.rx_data_fifo_inst.gray2bin ;
    %load/vec4 v000001b1a3b97410_0;
    %parti/s 1, 5, 4;
    %ix/load 4, 5, 0;
    %flag_set/imm 4, 0;
    %store/vec4 v000001b1a3b96a10_0, 4, 1;
    %pushi/vec4 4, 0, 32;
    %store/vec4 v000001b1a3b97a50_0, 0, 32;
T_0.0 ;
    %load/vec4 v000001b1a3b97a50_0;
    %cmpi/s 0, 0, 32;
    %flag_inv 5; GE is !LT
    %jmp/0xz T_0.1, 5;
    %load/vec4 v000001b1a3b96a10_0;
    %load/vec4 v000001b1a3b97a50_0;
    %addi 1, 0, 32;
    %part/s 1;
    %load/vec4 v000001b1a3b97410_0;
    %load/vec4 v000001b1a3b97a50_0;
    %part/s 1;
    %xor;
    %ix/getv/s 4, v000001b1a3b97a50_0;
    %store/vec4 v000001b1a3b96a10_0, 4, 1;
    %load/vec4 v000001b1a3b97a50_0;
    %subi 1, 0, 32;
    %store/vec4 v000001b1a3b97a50_0, 0, 32;
    %jmp T_0.0;
T_0.1 ;
    %load/vec4 v000001b1a3b96a10_0;
    %ret/vec4 0, 0, 6;  Assign to gray2bin (store_vec4_to_lval)
    %end;
S_000001b1a3b664e0 .scope module, "Data_TX_inst" "Data_TX" 4 121, 7 4 0, S_000001b1a3bb6f90;
 .timescale -9 -9;
    .port_info 0 /INPUT 1 "clk_rd";
    .port_info 1 /INPUT 1 "clk_axi";
    .port_info 2 /INPUT 1 "rst_n";
    .port_info 3 /OUTPUT 1 "rd_valid";
    .port_info 4 /OUTPUT 8 "rd_data_out";
    .port_info 5 /INPUT 1 "rd_ready";
    .port_info 6 /INPUT 32 "rd_addr";
    .port_info 7 /INPUT 8 "rd_len";
    .port_info 8 /OUTPUT 32 "rd_addr_out";
    .port_info 9 /OUTPUT 8 "rd_len_out";
    .port_info 10 /OUTPUT 1 "rd_fifo_full";
    .port_info 11 /INPUT 8 "data_in";
    .port_info 12 /INPUT 1 "data_in_vld";
P_000001b1a37ab580 .param/l "C_M_AXI_ADDR_WIDTH" 0 7 6, +C4<00000000000000000000000000100000>;
P_000001b1a37ab5b8 .param/l "C_M_AXI_DATA_WIDTH" 0 7 5, +C4<00000000000000000000000000001000>;
P_000001b1a37ab5f0 .param/l "C_M_AXI_RD_LEN_WIDTH" 0 7 7, +C4<00000000000000000000000000001000>;
L_000001b1a3b78650 .functor BUFZ 1, L_000001b1a37de490, C4<0>, C4<0>, C4<0>;
L_000001b1a3b77f50 .functor AND 1, L_000001b1a3c2c720, v000001b1a3c27330_0, C4<1>, C4<1>;
L_000001b1a3b791b0 .functor BUFZ 1, L_000001b1a3c2df80, C4<0>, C4<0>, C4<0>;
L_000001b1a3c30598 .functor BUFT 1, C4<0>, C4<0>, C4<0>, C4<0>;
L_000001b1a3b78b20 .functor XNOR 1, L_000001b1a3c2e340, L_000001b1a3c30598, C4<0>, C4<0>;
L_000001b1a3b78ff0 .functor BUFZ 32, v000001b1a3c27f10_0, C4<00000000000000000000000000000000>, C4<00000000000000000000000000000000>, C4<00000000000000000000000000000000>;
L_000001b1a3b78730 .functor BUFZ 8, v000001b1a3c28e10_0, C4<00000000>, C4<00000000>, C4<00000000>;
L_000001b1a3c305e0 .functor BUFT 1, C4<1>, C4<0>, C4<0>, C4<0>;
v000001b1a3c16360_0 .net/2u *"_ivl_10", 0 0, L_000001b1a3c305e0;  1 drivers
L_000001b1a3c30628 .functor BUFT 1, C4<0>, C4<0>, C4<0>, C4<0>;
v000001b1a3c14f60_0 .net/2u *"_ivl_12", 0 0, L_000001b1a3c30628;  1 drivers
v000001b1a3c158c0_0 .net/2u *"_ivl_6", 0 0, L_000001b1a3c30598;  1 drivers
v000001b1a3c15000_0 .net *"_ivl_8", 0 0, L_000001b1a3b78b20;  1 drivers
v000001b1a3c15be0_0 .net "clk_axi", 0 0, v000001b1a3c27a10_0;  alias, 1 drivers
v000001b1a3c150a0_0 .net "clk_rd", 0 0, v000001b1a3c270b0_0;  alias, 1 drivers
v000001b1a3c164a0_0 .net "data_in", 7 0, L_000001b1a37de420;  alias, 1 drivers
v000001b1a3c16540_0 .net "data_in_vld", 0 0, L_000001b1a37de490;  alias, 1 drivers
v000001b1a3c20640_0 .net "fifo_empty", 0 0, L_000001b1a3c2e340;  1 drivers
v000001b1a3c1f920_0 .net "fifo_full", 0 0, L_000001b1a3c2df80;  1 drivers
v000001b1a3c1fec0_0 .net "fifo_rd_en", 0 0, L_000001b1a3b77f50;  1 drivers
v000001b1a3c20dc0_0 .net "fifo_wr_en", 0 0, L_000001b1a3b78650;  1 drivers
v000001b1a3c1f380_0 .net "rd_addr", 31 0, v000001b1a3c27f10_0;  alias, 1 drivers
v000001b1a3c20820_0 .net "rd_addr_out", 31 0, L_000001b1a3b78ff0;  alias, 1 drivers
v000001b1a3c20e60_0 .net "rd_data_out", 7 0, L_000001b1a3b786c0;  alias, 1 drivers
v000001b1a3c1f7e0_0 .net "rd_fifo_full", 0 0, L_000001b1a3b791b0;  alias, 1 drivers
v000001b1a3c20a00_0 .net "rd_len", 7 0, v000001b1a3c28e10_0;  alias, 1 drivers
v000001b1a3c1f9c0_0 .net "rd_len_out", 7 0, L_000001b1a3b78730;  alias, 1 drivers
v000001b1a3c20320_0 .net "rd_ready", 0 0, v000001b1a3c27330_0;  alias, 1 drivers
v000001b1a3c20aa0_0 .net "rd_valid", 0 0, L_000001b1a3c2c720;  alias, 1 drivers
v000001b1a3c20b40_0 .net "rst_n", 0 0, v000001b1a3c28910_0;  alias, 1 drivers
L_000001b1a3c2c720 .functor MUXZ 1, L_000001b1a3c30628, L_000001b1a3c305e0, L_000001b1a3b78b20, C4<>;
S_000001b1a3b66670 .scope module, "tx_data_fifo_inst" "fifo_async" 7 50, 6 13 0, S_000001b1a3b664e0;
 .timescale -9 -9;
    .port_info 0 /INPUT 1 "wr_clk";
    .port_info 1 /INPUT 1 "wr_en";
    .port_info 2 /INPUT 8 "din";
    .port_info 3 /OUTPUT 1 "full";
    .port_info 4 /OUTPUT 1 "almost_full";
    .port_info 5 /INPUT 1 "rd_clk";
    .port_info 6 /INPUT 1 "rd_en";
    .port_info 7 /OUTPUT 8 "dout";
    .port_info 8 /OUTPUT 1 "empty";
    .port_info 9 /OUTPUT 1 "almost_empty";
P_000001b1a3b9ae50 .param/l "ADDR_WIDTH" 0 6 17, +C4<00000000000000000000000000000101>;
P_000001b1a3b9ae88 .param/l "DATA_WIDTH" 0 6 15, +C4<00000000000000000000000000001000>;
P_000001b1a3b9aec0 .param/l "DEPTH" 0 6 16, +C4<00000000000000000000000000100000>;
P_000001b1a3b9aef8 .param/str "MODE" 0 6 14, "FWFT";
P_000001b1a3b9af30 .param/l "PTR_WIDTH" 1 6 37, +C4<00000000000000000000000000000110>;
L_000001b1a3b78420 .functor XOR 6, L_000001b1a3c2d8a0, L_000001b1a3c2dda0, C4<000000>, C4<000000>;
L_000001b1a3b77a80 .functor XOR 6, L_000001b1a3c2e5c0, L_000001b1a3c2d260, C4<000000>, C4<000000>;
L_000001b1a3b78490 .functor BUFZ 8, L_000001b1a3c2d080, C4<00000000>, C4<00000000>, C4<00000000>;
L_000001b1a3b77af0 .functor AND 1, L_000001b1a3b77f50, L_000001b1a3c2e980, C4<1>, C4<1>;
L_000001b1a3b786c0 .functor BUFZ 8, v000001b1a3c15640_0, C4<00000000>, C4<00000000>, C4<00000000>;
L_000001b1a3c30670 .functor BUFT 1, C4<000001>, C4<0>, C4<0>, C4<0>;
v000001b1a3c131d0_0 .net/2u *"_ivl_0", 5 0, L_000001b1a3c30670;  1 drivers
L_000001b1a3c30700 .functor BUFT 1, C4<000010>, C4<0>, C4<0>, C4<0>;
v000001b1a3c13c70_0 .net/2u *"_ivl_18", 5 0, L_000001b1a3c30700;  1 drivers
v000001b1a3c143f0_0 .net *"_ivl_20", 5 0, L_000001b1a3c2e020;  1 drivers
L_000001b1a3c30748 .functor BUFT 1, C4<000001>, C4<0>, C4<0>, C4<0>;
v000001b1a3c13270_0 .net/2u *"_ivl_24", 5 0, L_000001b1a3c30748;  1 drivers
v000001b1a3c13f90_0 .net *"_ivl_28", 5 0, L_000001b1a3c2e5c0;  1 drivers
v000001b1a3c14030_0 .net *"_ivl_30", 4 0, L_000001b1a3c2de40;  1 drivers
L_000001b1a3c30790 .functor BUFT 1, C4<0>, C4<0>, C4<0>, C4<0>;
v000001b1a3c140d0_0 .net *"_ivl_32", 0 0, L_000001b1a3c30790;  1 drivers
v000001b1a3c14170_0 .net *"_ivl_4", 5 0, L_000001b1a3c2d8a0;  1 drivers
v000001b1a3c16180_0 .net *"_ivl_40", 7 0, L_000001b1a3c2d080;  1 drivers
v000001b1a3c15dc0_0 .net *"_ivl_43", 4 0, L_000001b1a3c2cea0;  1 drivers
v000001b1a3c16220_0 .net *"_ivl_44", 6 0, L_000001b1a3c2eca0;  1 drivers
L_000001b1a3c307d8 .functor BUFT 1, C4<00>, C4<0>, C4<0>, C4<0>;
v000001b1a3c151e0_0 .net *"_ivl_47", 1 0, L_000001b1a3c307d8;  1 drivers
v000001b1a3c15460_0 .net *"_ivl_53", 0 0, L_000001b1a3c2d300;  1 drivers
v000001b1a3c16860_0 .net *"_ivl_55", 0 0, L_000001b1a3c2e980;  1 drivers
v000001b1a3c15780_0 .net *"_ivl_6", 4 0, L_000001b1a3c2cfe0;  1 drivers
L_000001b1a3c30820 .functor BUFT 1, C4<000001>, C4<0>, C4<0>, C4<0>;
v000001b1a3c15e60_0 .net/2u *"_ivl_62", 5 0, L_000001b1a3c30820;  1 drivers
v000001b1a3c16040_0 .net *"_ivl_64", 5 0, L_000001b1a3c2c900;  1 drivers
L_000001b1a3c306b8 .functor BUFT 1, C4<0>, C4<0>, C4<0>, C4<0>;
v000001b1a3c16a40_0 .net *"_ivl_8", 0 0, L_000001b1a3c306b8;  1 drivers
v000001b1a3c16720_0 .net "almost_empty", 0 0, L_000001b1a3c2dd00;  1 drivers
v000001b1a3c15500_0 .net "almost_full", 0 0, L_000001b1a3c2e8e0;  1 drivers
v000001b1a3c15a00_0 .net "din", 7 0, L_000001b1a37de420;  alias, 1 drivers
v000001b1a3c15fa0_0 .net "dout", 7 0, L_000001b1a3b786c0;  alias, 1 drivers
v000001b1a3c15140_0 .net "empty", 0 0, L_000001b1a3c2e340;  alias, 1 drivers
v000001b1a3c15f00_0 .net "full", 0 0, L_000001b1a3c2df80;  alias, 1 drivers
v000001b1a3c15640_0 .var "fwft_dout", 7 0;
v000001b1a3c16680_0 .var "fwft_valid", 0 0;
v000001b1a3c167c0 .array "mem", 31 0, 7 0;
v000001b1a3c14e20_0 .net "ram_dout", 7 0, L_000001b1a3b78490;  1 drivers
v000001b1a3c15960_0 .net "rd_allow", 0 0, L_000001b1a3b77af0;  1 drivers
v000001b1a3c156e0_0 .net "rd_clk", 0 0, v000001b1a3c270b0_0;  alias, 1 drivers
v000001b1a3c16900_0 .net "rd_en", 0 0, L_000001b1a3b77f50;  alias, 1 drivers
v000001b1a3c16400_0 .var "rd_ptr_bin", 5 0;
v000001b1a3c160e0_0 .net "rd_ptr_bin_next", 5 0, L_000001b1a3c2d260;  1 drivers
v000001b1a3c14ba0_0 .net "rd_ptr_bin_synced", 5 0, L_000001b1a3c2d120;  1 drivers
v000001b1a3c15280_0 .var "rd_ptr_gray", 5 0;
v000001b1a3c169a0_0 .net "rd_ptr_gray_next", 5 0, L_000001b1a3b77a80;  1 drivers
v000001b1a3c14d80_0 .var "rd_ptr_gray_sync1", 5 0;
v000001b1a3c165e0_0 .var "rd_ptr_gray_sync2", 5 0;
v000001b1a3c153c0_0 .net "rd_ptr_gray_synced", 5 0, v000001b1a3c165e0_0;  1 drivers
v000001b1a3c155a0_0 .net "std_empty", 0 0, L_000001b1a3c2eb60;  1 drivers
v000001b1a3c15820_0 .net "wr_clk", 0 0, v000001b1a3c27a10_0;  alias, 1 drivers
v000001b1a3c15320_0 .net "wr_en", 0 0, L_000001b1a3b78650;  alias, 1 drivers
v000001b1a3c162c0_0 .var "wr_ptr_bin", 5 0;
v000001b1a3c14c40_0 .net "wr_ptr_bin_next", 5 0, L_000001b1a3c2dda0;  1 drivers
v000001b1a3c15c80_0 .net "wr_ptr_bin_synced", 5 0, L_000001b1a3c2e660;  1 drivers
v000001b1a3c15aa0_0 .var "wr_ptr_gray", 5 0;
v000001b1a3c14ce0_0 .net "wr_ptr_gray_next", 5 0, L_000001b1a3b78420;  1 drivers
v000001b1a3c14ec0_0 .var "wr_ptr_gray_sync1", 5 0;
v000001b1a3c15d20_0 .var "wr_ptr_gray_sync2", 5 0;
v000001b1a3c15b40_0 .net "wr_ptr_gray_synced", 5 0, v000001b1a3c15d20_0;  1 drivers
E_000001b1a3b7f530 .event posedge, v000001b1a3c156e0_0;
L_000001b1a3c2dda0 .arith/sum 6, v000001b1a3c162c0_0, L_000001b1a3c30670;
L_000001b1a3c2cfe0 .part L_000001b1a3c2dda0, 1, 5;
L_000001b1a3c2d8a0 .concat [ 5 1 0 0], L_000001b1a3c2cfe0, L_000001b1a3c306b8;
L_000001b1a3c2d120 .ufunc/vec4 TD_tb_axi_master_simple.dut.Data_TX_inst.tx_data_fifo_inst.gray2bin, 6, v000001b1a3c165e0_0 (v000001b1a3c12f50_0) S_000001b1a37ad120;
L_000001b1a3c2df80 .cmp/eq 6, L_000001b1a3b78420, v000001b1a3c165e0_0;
L_000001b1a3c2e020 .arith/sum 6, L_000001b1a3c2dda0, L_000001b1a3c30700;
L_000001b1a3c2e8e0 .cmp/ge 6, L_000001b1a3c2e020, L_000001b1a3c2d120;
L_000001b1a3c2d260 .arith/sum 6, v000001b1a3c16400_0, L_000001b1a3c30748;
L_000001b1a3c2de40 .part L_000001b1a3c2d260, 1, 5;
L_000001b1a3c2e5c0 .concat [ 5 1 0 0], L_000001b1a3c2de40, L_000001b1a3c30790;
L_000001b1a3c2e660 .ufunc/vec4 TD_tb_axi_master_simple.dut.Data_TX_inst.tx_data_fifo_inst.gray2bin, 6, v000001b1a3c15d20_0 (v000001b1a3c12f50_0) S_000001b1a37ad120;
L_000001b1a3c2d080 .array/port v000001b1a3c167c0, L_000001b1a3c2eca0;
L_000001b1a3c2cea0 .part v000001b1a3c16400_0, 0, 5;
L_000001b1a3c2eca0 .concat [ 5 2 0 0], L_000001b1a3c2cea0, L_000001b1a3c307d8;
L_000001b1a3c2eb60 .cmp/eq 6, v000001b1a3c15280_0, v000001b1a3c15d20_0;
L_000001b1a3c2d300 .reduce/nor v000001b1a3c16680_0;
L_000001b1a3c2e980 .reduce/nor L_000001b1a3c2d300;
L_000001b1a3c2e340 .reduce/nor v000001b1a3c16680_0;
L_000001b1a3c2c900 .arith/sum 6, v000001b1a3c16400_0, L_000001b1a3c30820;
L_000001b1a3c2dd00 .cmp/ge 6, L_000001b1a3c2c900, L_000001b1a3c2e660;
S_000001b1a37ad120 .scope function.vec4.s6, "gray2bin" "gray2bin" 6 63, 6 63 0, S_000001b1a3b66670;
 .timescale -9 -9;
v000001b1a3c13a90_0 .var "b", 5 0;
v000001b1a3c12f50_0 .var "g", 5 0;
; Variable gray2bin is vec4 return value of scope S_000001b1a37ad120
v000001b1a3c13bd0_0 .var/i "i", 31 0;
TD_tb_axi_master_simple.dut.Data_TX_inst.tx_data_fifo_inst.gray2bin ;
    %load/vec4 v000001b1a3c12f50_0;
    %parti/s 1, 5, 4;
    %ix/load 4, 5, 0;
    %flag_set/imm 4, 0;
    %store/vec4 v000001b1a3c13a90_0, 4, 1;
    %pushi/vec4 4, 0, 32;
    %store/vec4 v000001b1a3c13bd0_0, 0, 32;
T_1.2 ;
    %load/vec4 v000001b1a3c13bd0_0;
    %cmpi/s 0, 0, 32;
    %flag_inv 5; GE is !LT
    %jmp/0xz T_1.3, 5;
    %load/vec4 v000001b1a3c13a90_0;
    %load/vec4 v000001b1a3c13bd0_0;
    %addi 1, 0, 32;
    %part/s 1;
    %load/vec4 v000001b1a3c12f50_0;
    %load/vec4 v000001b1a3c13bd0_0;
    %part/s 1;
    %xor;
    %ix/getv/s 4, v000001b1a3c13bd0_0;
    %store/vec4 v000001b1a3c13a90_0, 4, 1;
    %load/vec4 v000001b1a3c13bd0_0;
    %subi 1, 0, 32;
    %store/vec4 v000001b1a3c13bd0_0, 0, 32;
    %jmp T_1.2;
T_1.3 ;
    %load/vec4 v000001b1a3c13a90_0;
    %ret/vec4 0, 0, 6;  Assign to gray2bin (store_vec4_to_lval)
    %end;
S_000001b1a3760ab0 .scope module, "axi_rd_master_inst" "axi_rd_master" 4 238, 8 13 0, S_000001b1a3bb6f90;
 .timescale -9 -9;
    .port_info 0 /INPUT 1 "M_AXI_ACLK";
    .port_info 1 /INPUT 1 "M_AXI_ARESETN";
    .port_info 2 /INPUT 1 "rd_start";
    .port_info 3 /INPUT 2 "rd_burst_type";
    .port_info 4 /INPUT 32 "rd_addr_in";
    .port_info 5 /INPUT 8 "rd_len_in";
    .port_info 6 /INPUT 1 "rd_fifo_full";
    .port_info 7 /INPUT 2 "user_aruser";
    .port_info 8 /OUTPUT 8 "data_out";
    .port_info 9 /OUTPUT 1 "data_out_vld";
    .port_info 10 /OUTPUT 1 "rd_error";
    .port_info 11 /OUTPUT 1 "M_AXI_ARID";
    .port_info 12 /OUTPUT 32 "M_AXI_ARADDR";
    .port_info 13 /OUTPUT 8 "M_AXI_ARLEN";
    .port_info 14 /OUTPUT 3 "M_AXI_ARSIZE";
    .port_info 15 /OUTPUT 2 "M_AXI_ARBURST";
    .port_info 16 /OUTPUT 1 "M_AXI_ARLOCK";
    .port_info 17 /OUTPUT 4 "M_AXI_ARCACHE";
    .port_info 18 /OUTPUT 3 "M_AXI_ARPROT";
    .port_info 19 /OUTPUT 4 "M_AXI_ARQOS";
    .port_info 20 /OUTPUT 2 "M_AXI_ARUSER";
    .port_info 21 /OUTPUT 1 "M_AXI_ARVALID";
    .port_info 22 /INPUT 1 "M_AXI_ARREADY";
    .port_info 23 /INPUT 1 "M_AXI_RID";
    .port_info 24 /INPUT 8 "M_AXI_RDATA";
    .port_info 25 /INPUT 2 "M_AXI_RRESP";
    .port_info 26 /INPUT 1 "M_AXI_RLAST";
    .port_info 27 /INPUT 2 "M_AXI_RUSER";
    .port_info 28 /INPUT 1 "M_AXI_RVALID";
    .port_info 29 /OUTPUT 1 "M_AXI_RREADY";
P_000001b1a3760c40 .param/l "C_M_AXI_ADDR_WIDTH" 0 8 16, +C4<00000000000000000000000000100000>;
P_000001b1a3760c78 .param/l "C_M_AXI_ARUSER_WIDTH" 0 8 19, +C4<00000000000000000000000000000000>;
P_000001b1a3760cb0 .param/l "C_M_AXI_DATA_WIDTH" 0 8 17, +C4<00000000000000000000000000001000>;
P_000001b1a3760ce8 .param/l "C_M_AXI_ID_WIDTH" 0 8 15, +C4<00000000000000000000000000000001>;
P_000001b1a3760d20 .param/l "C_M_AXI_RD_LEN_WIDTH" 0 8 18, +C4<00000000000000000000000000001000>;
P_000001b1a3760d58 .param/l "C_M_AXI_RUSER_WIDTH" 0 8 20, +C4<00000000000000000000000000000000>;
P_000001b1a3760d90 .param/l "C_M_TARGET_SLAVE_BASE_ADDR" 0 8 14, C4<00000000000000000000000000000000>;
P_000001b1a3760dc8 .param/l "IDLE" 1 8 65, C4<0>;
P_000001b1a3760e00 .param/l "READ" 1 8 66, C4<1>;
P_000001b1a3760e38 .param/l "SIZE" 1 8 67, +C4<00000000000000000000000000000000>;
L_000001b1a37de500 .functor BUFZ 2, v000001b1a3c1ff60_0, C4<00>, C4<00>, C4<00>;
L_000001b1a37de3b0 .functor BUFZ 2, o000001b1a3bc7138, C4<00>, C4<00>, C4<00>;
L_000001b1a37de420 .functor BUFZ 8, L_000001b1a37de730, C4<00000000>, C4<00000000>, C4<00000000>;
L_000001b1a37de490 .functor AND 1, v000001b1a3c2aad0_0, v000001b1a3c20780_0, C4<1>, C4<1>;
v000001b1a3c208c0_0 .net "M_AXI_ACLK", 0 0, v000001b1a3c27a10_0;  alias, 1 drivers
v000001b1a3c1fa60_0 .var "M_AXI_ARADDR", 31 0;
v000001b1a3c1f740_0 .net "M_AXI_ARBURST", 1 0, L_000001b1a37de500;  alias, 1 drivers
v000001b1a3c1fc40_0 .net "M_AXI_ARCACHE", 3 0, L_000001b1a3c31120;  alias, 1 drivers
v000001b1a3c1fb00_0 .net "M_AXI_ARESETN", 0 0, v000001b1a3c28910_0;  alias, 1 drivers
v000001b1a3c1efc0_0 .net "M_AXI_ARID", 0 0, L_000001b1a3c31000;  alias, 1 drivers
v000001b1a3c1f880_0 .net "M_AXI_ARLEN", 7 0, L_000001b1a3c2e7a0;  alias, 1 drivers
v000001b1a3c20960_0 .net "M_AXI_ARLOCK", 0 0, L_000001b1a3c310d8;  alias, 1 drivers
v000001b1a3c1f240_0 .net "M_AXI_ARPROT", 2 0, L_000001b1a3c31168;  alias, 1 drivers
v000001b1a3c20280_0 .net "M_AXI_ARQOS", 3 0, L_000001b1a3c311b0;  alias, 1 drivers
v000001b1a3c1f060_0 .net "M_AXI_ARREADY", 0 0, L_000001b1a37de6c0;  alias, 1 drivers
v000001b1a3c1f100_0 .net "M_AXI_ARSIZE", 2 0, L_000001b1a3c31090;  alias, 1 drivers
v000001b1a3c1fba0_0 .net "M_AXI_ARUSER", -1 0, L_000001b1a37de3b0;  alias, 1 drivers
v000001b1a3c203c0_0 .var "M_AXI_ARVALID", 0 0;
v000001b1a3c1f1a0_0 .net "M_AXI_RDATA", 7 0, L_000001b1a37de730;  alias, 1 drivers
v000001b1a3c1fce0_0 .net "M_AXI_RID", 0 0, o000001b1a3bc6e68;  alias, 0 drivers
v000001b1a3c20460_0 .net "M_AXI_RLAST", 0 0, L_000001b1a37de880;  alias, 1 drivers
v000001b1a3c20780_0 .var "M_AXI_RREADY", 0 0;
v000001b1a3c20500_0 .net "M_AXI_RRESP", 1 0, L_000001b1a3c31240;  alias, 1 drivers
v000001b1a3c1f560_0 .net "M_AXI_RUSER", -1 0, o000001b1a3bc6f28;  alias, 0 drivers
v000001b1a3c1f2e0_0 .net "M_AXI_RVALID", 0 0, v000001b1a3c2aad0_0;  alias, 1 drivers
L_000001b1a3c31048 .functor BUFT 1, C4<00000001>, C4<0>, C4<0>, C4<0>;
v000001b1a3c1fd80_0 .net/2u *"_ivl_2", 7 0, L_000001b1a3c31048;  1 drivers
v000001b1a3c205a0_0 .net "data_out", 7 0, L_000001b1a37de420;  alias, 1 drivers
v000001b1a3c1fe20_0 .net "data_out_vld", 0 0, L_000001b1a37de490;  alias, 1 drivers
v000001b1a3c206e0_0 .net "rd_addr_in", 31 0, L_000001b1a3b78ff0;  alias, 1 drivers
v000001b1a3c1ff60_0 .var "rd_burst_latched", 1 0;
v000001b1a3c20be0_0 .net "rd_burst_type", 1 0, v000001b1a3c27290_0;  alias, 1 drivers
v000001b1a3c1f420_0 .var "rd_cnt", 31 0;
v000001b1a3c20c80_0 .var "rd_data_flag", 0 0;
v000001b1a3c1f4c0_0 .var "rd_error", 0 0;
v000001b1a3c20000_0 .net "rd_fifo_full", 0 0, L_000001b1a3b791b0;  alias, 1 drivers
v000001b1a3c1f600_0 .net "rd_len_in", 7 0, L_000001b1a3b78730;  alias, 1 drivers
v000001b1a3c200a0_0 .var "rd_len_latched", 7 0;
v000001b1a3c1f6a0_0 .net "rd_start", 0 0, v000001b1a3c27510_0;  alias, 1 drivers
v000001b1a3c20140_0 .var "state", 0 0;
v000001b1a3c21e30_0 .net "user_aruser", -1 0, o000001b1a3bc7138;  alias, 0 drivers
L_000001b1a3c2e7a0 .arith/sub 8, v000001b1a3c200a0_0, L_000001b1a3c31048;
S_000001b1a37edca0 .scope function.vec4.u32, "clogb2" "clogb2" 8 69, 8 69 0, S_000001b1a3760ab0;
 .timescale -9 -9;
; Variable clogb2 is vec4 return value of scope S_000001b1a37edca0
v000001b1a3c20d20_0 .var/i "depth", 31 0;
TD_tb_axi_master_simple.dut.axi_rd_master_inst.clogb2 ;
    %load/vec4 v000001b1a3c20d20_0;
    %cmpi/e 0, 0, 32;
    %jmp/0xz  T_2.4, 4;
    %pushi/vec4 0, 0, 32;
    %ret/vec4 0, 0, 32;  Assign to clogb2 (store_vec4_to_lval)
    %jmp T_2.5;
T_2.4 ;
    %load/vec4 v000001b1a3c20d20_0;
    %cmpi/ne 0, 0, 32;
    %jmp/0xz  T_2.6, 4;
    %pushi/vec4 0, 0, 32;
    %ret/vec4 0, 0, 32;  Assign to clogb2 (store_vec4_to_lval)
T_2.8 ;
    %load/vec4 v000001b1a3c20d20_0;
    %cmpi/s 0, 0, 32;
    %flag_or 5, 4; GT is !LE
    %flag_inv 5;
    %jmp/0xz T_2.9, 5;
    %load/vec4 v000001b1a3c20d20_0;
    %ix/load 4, 1, 0;
    %flag_set/imm 4, 0;
    %shiftr 4;
    %store/vec4 v000001b1a3c20d20_0, 0, 32;
    %retload/vec4 0; Load clogb2 (draw_signal_vec4)
    %addi 1, 0, 32;
    %ret/vec4 0, 0, 32;  Assign to clogb2 (store_vec4_to_lval)
    %jmp T_2.8;
T_2.9 ;
T_2.6 ;
T_2.5 ;
    %end;
S_000001b1a3782990 .scope module, "axi_wr_master_inst" "axi_wr_master" 4 187, 9 14 0, S_000001b1a3bb6f90;
 .timescale -9 -9;
    .port_info 0 /INPUT 1 "M_AXI_ACLK";
    .port_info 1 /INPUT 1 "M_AXI_ARESETN";
    .port_info 2 /INPUT 1 "wr_start";
    .port_info 3 /INPUT 2 "wr_burst_type";
    .port_info 4 /OUTPUT 1 "data_rd_en";
    .port_info 5 /INPUT 1 "wr_fifo_empty";
    .port_info 6 /INPUT 32 "wr_addr_in";
    .port_info 7 /INPUT 8 "wr_len_in";
    .port_info 8 /INPUT 8 "wr_data_in";
    .port_info 9 /INPUT 2 "user_awuser";
    .port_info 10 /INPUT 2 "user_wuser";
    .port_info 11 /OUTPUT 1 "wr_error";
    .port_info 12 /OUTPUT 1 "M_AXI_AWID";
    .port_info 13 /OUTPUT 32 "M_AXI_AWADDR";
    .port_info 14 /OUTPUT 8 "M_AXI_AWLEN";
    .port_info 15 /OUTPUT 3 "M_AXI_AWSIZE";
    .port_info 16 /OUTPUT 2 "M_AXI_AWBURST";
    .port_info 17 /OUTPUT 1 "M_AXI_AWLOCK";
    .port_info 18 /OUTPUT 4 "M_AXI_AWCACHE";
    .port_info 19 /OUTPUT 3 "M_AXI_AWPROT";
    .port_info 20 /OUTPUT 4 "M_AXI_AWQOS";
    .port_info 21 /OUTPUT 2 "M_AXI_AWUSER";
    .port_info 22 /OUTPUT 1 "M_AXI_AWVALID";
    .port_info 23 /INPUT 1 "M_AXI_AWREADY";
    .port_info 24 /OUTPUT 8 "M_AXI_WDATA";
    .port_info 25 /OUTPUT 1 "M_AXI_WSTRB";
    .port_info 26 /OUTPUT 1 "M_AXI_WLAST";
    .port_info 27 /OUTPUT 2 "M_AXI_WUSER";
    .port_info 28 /OUTPUT 1 "M_AXI_WVALID";
    .port_info 29 /INPUT 1 "M_AXI_WREADY";
    .port_info 30 /INPUT 1 "M_AXI_BID";
    .port_info 31 /INPUT 2 "M_AXI_BRESP";
    .port_info 32 /INPUT 2 "M_AXI_BUSER";
    .port_info 33 /INPUT 1 "M_AXI_BVALID";
    .port_info 34 /OUTPUT 1 "M_AXI_BREADY";
P_000001b1a379fb10 .param/l "C_M_AXI_ADDR_WIDTH" 0 9 17, +C4<00000000000000000000000000100000>;
P_000001b1a379fb48 .param/l "C_M_AXI_AWUSER_WIDTH" 0 9 20, +C4<00000000000000000000000000000000>;
P_000001b1a379fb80 .param/l "C_M_AXI_BUSER_WIDTH" 0 9 22, +C4<00000000000000000000000000000000>;
P_000001b1a379fbb8 .param/l "C_M_AXI_DATA_WIDTH" 0 9 18, +C4<00000000000000000000000000001000>;
P_000001b1a379fbf0 .param/l "C_M_AXI_ID_WIDTH" 0 9 16, +C4<00000000000000000000000000000001>;
P_000001b1a379fc28 .param/l "C_M_AXI_WR_LEN_WIDTH" 0 9 19, +C4<00000000000000000000000000001000>;
P_000001b1a379fc60 .param/l "C_M_AXI_WUSER_WIDTH" 0 9 21, +C4<00000000000000000000000000000000>;
P_000001b1a379fc98 .param/l "C_M_TARGET_SLAVE_BASE_ADDR" 0 9 15, C4<00000000000000000000000000000000>;
P_000001b1a379fcd0 .param/l "IDLE" 1 9 74, C4<0>;
P_000001b1a379fd08 .param/l "SIZE" 1 9 76, +C4<00000000000000000000000000000000>;
P_000001b1a379fd40 .param/l "WRITE" 1 9 75, C4<1>;
P_000001b1a379fd78 .param/l "WSTRB_WIDTH" 1 9 77, +C4<00000000000000000000000000000001>;
L_000001b1a3b77a10 .functor BUFZ 2, v000001b1a3c247a0_0, C4<00>, C4<00>, C4<00>;
L_000001b1a3b79680 .functor BUFZ 2, o000001b1a3bc7fa8, C4<00>, C4<00>, C4<00>;
L_000001b1a37df6f0 .functor BUFZ 2, o000001b1a3bc7fd8, C4<00>, C4<00>, C4<00>;
L_000001b1a37df7d0 .functor AND 1, L_000001b1a37ddd90, L_000001b1a37de650, C4<1>, C4<1>;
L_000001b1a3c30dc0 .functor BUFT 1, C4<0>, C4<0>, C4<0>, C4<0>;
L_000001b1a37ddfc0 .functor XNOR 1, L_000001b1a3b79220, L_000001b1a3c30dc0, C4<0>, C4<0>;
L_000001b1a37ddc40 .functor AND 1, L_000001b1a37df7d0, L_000001b1a37ddfc0, C4<1>, C4<1>;
L_000001b1a3c30e50 .functor BUFT 1, C4<1>, C4<0>, C4<0>, C4<0>;
L_000001b1a37de2d0 .functor XNOR 1, v000001b1a3c21610_0, L_000001b1a3c30e50, C4<0>, C4<0>;
L_000001b1a3c30e98 .functor BUFT 1, C4<0>, C4<0>, C4<0>, C4<0>;
L_000001b1a37dd930 .functor XNOR 1, L_000001b1a3b79220, L_000001b1a3c30e98, C4<0>, C4<0>;
L_000001b1a37ddf50 .functor AND 1, L_000001b1a37de2d0, L_000001b1a37dd930, C4<1>, C4<1>;
L_000001b1a37ddd90 .functor AND 1, L_000001b1a37ddf50, L_000001b1a3c2d440, C4<1>, C4<1>;
L_000001b1a3c30f28 .functor BUFT 1, C4<1>, C4<0>, C4<0>, C4<0>;
L_000001b1a37de0a0 .functor XNOR 1, v000001b1a3c21610_0, L_000001b1a3c30f28, C4<0>, C4<0>;
L_000001b1a37de180 .functor AND 1, L_000001b1a37de0a0, L_000001b1a3c2e520, C4<1>, C4<1>;
v000001b1a3c22b50_0 .net "M_AXI_ACLK", 0 0, v000001b1a3c27a10_0;  alias, 1 drivers
v000001b1a3c21890_0 .net "M_AXI_ARESETN", 0 0, v000001b1a3c28910_0;  alias, 1 drivers
v000001b1a3c21ed0_0 .var "M_AXI_AWADDR", 31 0;
v000001b1a3c22a10_0 .net "M_AXI_AWBURST", 1 0, L_000001b1a3b77a10;  alias, 1 drivers
v000001b1a3c223d0_0 .net "M_AXI_AWCACHE", 3 0, L_000001b1a3c30ca0;  alias, 1 drivers
v000001b1a3c228d0_0 .net "M_AXI_AWID", 0 0, L_000001b1a3c30b80;  alias, 1 drivers
v000001b1a3c21f70_0 .net "M_AXI_AWLEN", 7 0, L_000001b1a3c2d800;  alias, 1 drivers
v000001b1a3c22c90_0 .net "M_AXI_AWLOCK", 0 0, L_000001b1a3c30c58;  alias, 1 drivers
v000001b1a3c22970_0 .net "M_AXI_AWPROT", 2 0, L_000001b1a3c30ce8;  alias, 1 drivers
v000001b1a3c22ab0_0 .net "M_AXI_AWQOS", 3 0, L_000001b1a3c30d30;  alias, 1 drivers
v000001b1a3c21d90_0 .net "M_AXI_AWREADY", 0 0, L_000001b1a37de570;  alias, 1 drivers
v000001b1a3c21750_0 .net "M_AXI_AWSIZE", 2 0, L_000001b1a3c30c10;  alias, 1 drivers
v000001b1a3c21b10_0 .net "M_AXI_AWUSER", -1 0, L_000001b1a3b79680;  alias, 1 drivers
v000001b1a3c22010_0 .var "M_AXI_AWVALID", 0 0;
v000001b1a3c22bf0_0 .net "M_AXI_BID", 0 0, o000001b1a3bc79a8;  alias, 0 drivers
v000001b1a3c217f0_0 .var "M_AXI_BREADY", 0 0;
v000001b1a3c219d0_0 .net "M_AXI_BRESP", 1 0, o000001b1a3bc7a08;  alias, 0 drivers
v000001b1a3c22470_0 .net "M_AXI_BUSER", -1 0, o000001b1a3bc7a38;  alias, 0 drivers
v000001b1a3c211b0_0 .net "M_AXI_BVALID", 0 0, v000001b1a3c29ef0_0;  alias, 1 drivers
v000001b1a3c220b0_0 .net "M_AXI_WDATA", 7 0, L_000001b1a3c2cd60;  alias, 1 drivers
v000001b1a3c22150_0 .net "M_AXI_WLAST", 0 0, L_000001b1a37de180;  alias, 1 drivers
v000001b1a3c221f0_0 .net "M_AXI_WREADY", 0 0, L_000001b1a37de650;  alias, 1 drivers
v000001b1a3c22d30_0 .net "M_AXI_WSTRB", 0 0, L_000001b1a3c30d78;  alias, 1 drivers
v000001b1a3c22290_0 .net "M_AXI_WUSER", -1 0, L_000001b1a37df6f0;  alias, 1 drivers
v000001b1a3c22330_0 .net "M_AXI_WVALID", 0 0, L_000001b1a37ddd90;  alias, 1 drivers
L_000001b1a3c30bc8 .functor BUFT 1, C4<00000001>, C4<0>, C4<0>, C4<0>;
v000001b1a3c21cf0_0 .net/2u *"_ivl_2", 7 0, L_000001b1a3c30bc8;  1 drivers
v000001b1a3c22510_0 .net *"_ivl_24", 0 0, L_000001b1a37df7d0;  1 drivers
v000001b1a3c225b0_0 .net/2u *"_ivl_26", 0 0, L_000001b1a3c30dc0;  1 drivers
v000001b1a3c21a70_0 .net *"_ivl_28", 0 0, L_000001b1a37ddfc0;  1 drivers
L_000001b1a3c30e08 .functor BUFT 1, C4<00000000>, C4<0>, C4<0>, C4<0>;
v000001b1a3c22dd0_0 .net/2u *"_ivl_32", 7 0, L_000001b1a3c30e08;  1 drivers
v000001b1a3c22650_0 .net/2u *"_ivl_36", 0 0, L_000001b1a3c30e50;  1 drivers
v000001b1a3c214d0_0 .net *"_ivl_38", 0 0, L_000001b1a37de2d0;  1 drivers
v000001b1a3c226f0_0 .net/2u *"_ivl_40", 0 0, L_000001b1a3c30e98;  1 drivers
v000001b1a3c22830_0 .net *"_ivl_42", 0 0, L_000001b1a37dd930;  1 drivers
v000001b1a3c22e70_0 .net *"_ivl_45", 0 0, L_000001b1a37ddf50;  1 drivers
v000001b1a3c216b0_0 .net *"_ivl_46", 31 0, L_000001b1a3c2c9a0;  1 drivers
L_000001b1a3c30ee0 .functor BUFT 1, C4<000000000000000000000000>, C4<0>, C4<0>, C4<0>;
v000001b1a3c20fd0_0 .net *"_ivl_49", 23 0, L_000001b1a3c30ee0;  1 drivers
v000001b1a3c21250_0 .net *"_ivl_50", 0 0, L_000001b1a3c2d440;  1 drivers
v000001b1a3c21bb0_0 .net/2u *"_ivl_54", 0 0, L_000001b1a3c30f28;  1 drivers
v000001b1a3c21110_0 .net *"_ivl_56", 0 0, L_000001b1a37de0a0;  1 drivers
v000001b1a3c21c50_0 .net *"_ivl_58", 31 0, L_000001b1a3c2d4e0;  1 drivers
L_000001b1a3c30f70 .functor BUFT 1, C4<000000000000000000000000>, C4<0>, C4<0>, C4<0>;
v000001b1a3c21070_0 .net *"_ivl_61", 23 0, L_000001b1a3c30f70;  1 drivers
L_000001b1a3c30fb8 .functor BUFT 1, C4<00000000000000000000000000000001>, C4<0>, C4<0>, C4<0>;
v000001b1a3c212f0_0 .net/2u *"_ivl_62", 31 0, L_000001b1a3c30fb8;  1 drivers
v000001b1a3c21390_0 .net *"_ivl_64", 31 0, L_000001b1a3c2d580;  1 drivers
v000001b1a3c21430_0 .net *"_ivl_66", 0 0, L_000001b1a3c2e520;  1 drivers
v000001b1a3c21570_0 .net "data_rd_en", 0 0, L_000001b1a37ddc40;  alias, 1 drivers
v000001b1a3c21610_0 .var "state", 0 0;
v000001b1a3c23440_0 .net "user_awuser", -1 0, o000001b1a3bc7fa8;  alias, 0 drivers
v000001b1a3c242a0_0 .net "user_wuser", -1 0, o000001b1a3bc7fd8;  alias, 0 drivers
v000001b1a3c24480_0 .net "wr_addr_in", 31 0, L_000001b1a3b78ea0;  alias, 1 drivers
v000001b1a3c247a0_0 .var "wr_burst_latched", 1 0;
v000001b1a3c245c0_0 .net "wr_burst_type", 1 0, v000001b1a3c28cd0_0;  alias, 1 drivers
v000001b1a3c238a0_0 .var "wr_cnt", 31 0;
v000001b1a3c24ac0_0 .net "wr_data_in", 7 0, v000001b1a3b828d0_0;  alias, 1 drivers
v000001b1a3c24a20_0 .var "wr_error", 0 0;
v000001b1a3c23580_0 .net "wr_fifo_empty", 0 0, L_000001b1a3b79220;  alias, 1 drivers
v000001b1a3c24200_0 .net "wr_len_in", 7 0, L_000001b1a3b77fc0;  alias, 1 drivers
v000001b1a3c248e0_0 .var "wr_len_latched", 7 0;
v000001b1a3c23c60_0 .net "wr_start", 0 0, v000001b1a3c27830_0;  alias, 1 drivers
L_000001b1a3c2d800 .arith/sub 8, v000001b1a3c248e0_0, L_000001b1a3c30bc8;
L_000001b1a3c2cd60 .functor MUXZ 8, L_000001b1a3c30e08, v000001b1a3b828d0_0, L_000001b1a37ddc40, C4<>;
L_000001b1a3c2c9a0 .concat [ 8 24 0 0], v000001b1a3c248e0_0, L_000001b1a3c30ee0;
L_000001b1a3c2d440 .cmp/ne 32, v000001b1a3c238a0_0, L_000001b1a3c2c9a0;
L_000001b1a3c2d4e0 .concat [ 8 24 0 0], v000001b1a3c248e0_0, L_000001b1a3c30f70;
L_000001b1a3c2d580 .arith/sub 32, L_000001b1a3c2d4e0, L_000001b1a3c30fb8;
L_000001b1a3c2e520 .cmp/eq 32, v000001b1a3c238a0_0, L_000001b1a3c2d580;
S_000001b1a379fdc0 .scope function.vec4.u32, "clogb2" "clogb2" 9 79, 9 79 0, S_000001b1a3782990;
 .timescale -9 -9;
; Variable clogb2 is vec4 return value of scope S_000001b1a379fdc0
v000001b1a3c22790_0 .var/i "depth", 31 0;
TD_tb_axi_master_simple.dut.axi_wr_master_inst.clogb2 ;
    %load/vec4 v000001b1a3c22790_0;
    %cmpi/e 0, 0, 32;
    %jmp/0xz  T_3.10, 4;
    %pushi/vec4 0, 0, 32;
    %ret/vec4 0, 0, 32;  Assign to clogb2 (store_vec4_to_lval)
    %jmp T_3.11;
T_3.10 ;
    %load/vec4 v000001b1a3c22790_0;
    %cmpi/ne 0, 0, 32;
    %jmp/0xz  T_3.12, 4;
    %pushi/vec4 0, 0, 32;
    %ret/vec4 0, 0, 32;  Assign to clogb2 (store_vec4_to_lval)
T_3.14 ;
    %load/vec4 v000001b1a3c22790_0;
    %cmpi/s 0, 0, 32;
    %flag_or 5, 4; GT is !LE
    %flag_inv 5;
    %jmp/0xz T_3.15, 5;
    %load/vec4 v000001b1a3c22790_0;
    %ix/load 4, 1, 0;
    %flag_set/imm 4, 0;
    %shiftr 4;
    %store/vec4 v000001b1a3c22790_0, 0, 32;
    %retload/vec4 0; Load clogb2 (draw_signal_vec4)
    %addi 1, 0, 32;
    %ret/vec4 0, 0, 32;  Assign to clogb2 (store_vec4_to_lval)
    %jmp T_3.14;
T_3.15 ;
T_3.12 ;
T_3.11 ;
    %end;
S_000001b1a3bbfd90 .scope task, "rd_burst" "rd_burst" 3 261, 3 261 0, S_000001b1a374d2e0;
 .timescale -9 -9;
v000001b1a3c262b0_0 .var "addr", 31 0;
v000001b1a3c26df0_0 .var/i "i", 31 0;
v000001b1a3c25310_0 .var "len", 7 0;
TD_tb_axi_master_simple.rd_burst ;
    %vpi_call/w 3 264 "$display", "  [RD] addr=0x%08h len=%0d", v000001b1a3c262b0_0, v000001b1a3c25310_0 {0 0 0};
    %load/vec4 v000001b1a3c262b0_0;
    %assign/vec4 v000001b1a3c27f10_0, 0;
    %load/vec4 v000001b1a3c25310_0;
    %assign/vec4 v000001b1a3c28e10_0, 0;
    %pushi/vec4 1, 0, 2;
    %assign/vec4 v000001b1a3c27290_0, 0;
    %wait E_000001b1a3b7f530;
    %pushi/vec4 1, 0, 1;
    %assign/vec4 v000001b1a3c27510_0, 0;
    %wait E_000001b1a3b7f530;
    %pushi/vec4 0, 0, 1;
    %assign/vec4 v000001b1a3c27510_0, 0;
    %pushi/vec4 1, 0, 1;
    %assign/vec4 v000001b1a3c27330_0, 0;
    %pushi/vec4 0, 0, 32;
    %store/vec4 v000001b1a3c26df0_0, 0, 32;
T_4.16 ;
    %load/vec4 v000001b1a3c26df0_0;
    %load/vec4 v000001b1a3c25310_0;
    %pad/u 32;
    %cmp/u;
    %jmp/0xz T_4.17, 5;
T_4.18 ;
    %load/vec4 v000001b1a3c28c30_0;
    %nor/r;
    %flag_set/vec4 8;
    %jmp/0xz T_4.19, 8;
    %wait E_000001b1a3b7f530;
    %jmp T_4.18;
T_4.19 ;
    %load/vec4 v000001b1a3c27650_0;
    %load/vec4 v000001b1a3c262b0_0;
    %load/vec4 v000001b1a3c26df0_0;
    %add;
    %ix/vec4 4;
    %load/vec4a v000001b1a3c28870, 4;
    %cmp/ne;
    %jmp/0xz  T_4.20, 6;
    %load/vec4 v000001b1a3c262b0_0;
    %load/vec4 v000001b1a3c26df0_0;
    %add;
    %ix/vec4 4;
    %load/vec4a v000001b1a3c28870, 4;
    %vpi_call/w 3 276 "$display", "  [ERROR] \350\257\273\346\225\260\346\215\256\344\270\215\347\254\246 addr=0x%08h beat=%0d exp=0x%02h got=0x%02h", v000001b1a3c262b0_0, v000001b1a3c26df0_0, S<0,vec4,u8>, v000001b1a3c27650_0 {1 0 0};
    %load/vec4 v000001b1a3c275b0_0;
    %addi 1, 0, 32;
    %store/vec4 v000001b1a3c275b0_0, 0, 32;
T_4.20 ;
    %wait E_000001b1a3b7f530;
    %load/vec4 v000001b1a3c26df0_0;
    %addi 1, 0, 32;
    %store/vec4 v000001b1a3c26df0_0, 0, 32;
    %jmp T_4.16;
T_4.17 ;
    %pushi/vec4 0, 0, 1;
    %assign/vec4 v000001b1a3c27330_0, 0;
    %pushi/vec4 5, 0, 32;
T_4.22 %dup/vec4;
    %pushi/vec4 0, 0, 32;
    %cmp/s;
    %jmp/1xz T_4.23, 5;
    %jmp/1 T_4.23, 4;
    %pushi/vec4 1, 0, 32;
    %sub;
    %wait E_000001b1a3b7f930;
    %jmp T_4.22;
T_4.23 ;
    %pop/vec4 1;
    %load/vec4 v000001b1a3c28b90_0;
    %flag_set/vec4 8;
    %jmp/0xz  T_4.24, 8;
    %vpi_call/w 3 286 "$display", "  [ERROR] \350\257\273\344\272\213\345\212\241\350\277\224\345\233\236\351\224\231\350\257\257 user_rd_error=1" {0 0 0};
    %load/vec4 v000001b1a3c275b0_0;
    %addi 1, 0, 32;
    %store/vec4 v000001b1a3c275b0_0, 0, 32;
T_4.24 ;
    %load/vec4 v000001b1a3c287d0_0;
    %addi 1, 0, 32;
    %store/vec4 v000001b1a3c287d0_0, 0, 32;
    %end;
S_000001b1a3712cf0 .scope task, "rd_burst_pause" "rd_burst_pause" 3 332, 3 332 0, S_000001b1a374d2e0;
 .timescale -9 -9;
v000001b1a3c26350_0 .var "addr", 31 0;
v000001b1a3c263f0_0 .var/i "i", 31 0;
v000001b1a3c265d0_0 .var "len", 7 0;
TD_tb_axi_master_simple.rd_burst_pause ;
    %vpi_call/w 3 335 "$display", "  [RD-pause] addr=0x%08h len=%0d", v000001b1a3c26350_0, v000001b1a3c265d0_0 {0 0 0};
    %load/vec4 v000001b1a3c26350_0;
    %assign/vec4 v000001b1a3c27f10_0, 0;
    %load/vec4 v000001b1a3c265d0_0;
    %assign/vec4 v000001b1a3c28e10_0, 0;
    %pushi/vec4 1, 0, 2;
    %assign/vec4 v000001b1a3c27290_0, 0;
    %wait E_000001b1a3b7f530;
    %pushi/vec4 1, 0, 1;
    %assign/vec4 v000001b1a3c27510_0, 0;
    %wait E_000001b1a3b7f530;
    %pushi/vec4 0, 0, 1;
    %assign/vec4 v000001b1a3c27510_0, 0;
    %pushi/vec4 1, 0, 1;
    %assign/vec4 v000001b1a3c27330_0, 0;
    %pushi/vec4 0, 0, 32;
    %store/vec4 v000001b1a3c263f0_0, 0, 32;
T_5.26 ;
    %load/vec4 v000001b1a3c263f0_0;
    %load/vec4 v000001b1a3c265d0_0;
    %pad/u 32;
    %cmp/u;
    %jmp/0xz T_5.27, 5;
T_5.28 ;
    %wait E_000001b1a3b7f530;
    %load/vec4 v000001b1a3c28c30_0;
    %nor/r;
    %flag_set/vec4 8;
    %jmp/1 T_5.28, 8;
    %load/vec4 v000001b1a3c27650_0;
    %load/vec4 v000001b1a3c26350_0;
    %load/vec4 v000001b1a3c263f0_0;
    %add;
    %ix/vec4 4;
    %load/vec4a v000001b1a3c28870, 4;
    %cmp/ne;
    %jmp/0xz  T_5.29, 6;
    %load/vec4 v000001b1a3c26350_0;
    %load/vec4 v000001b1a3c263f0_0;
    %add;
    %ix/vec4 4;
    %load/vec4a v000001b1a3c28870, 4;
    %vpi_call/w 3 347 "$display", "  [ERROR] \350\257\273\346\225\260\346\215\256\344\270\215\347\254\246 addr=0x%08h beat=%0d exp=0x%02h got=0x%02h", v000001b1a3c26350_0, v000001b1a3c263f0_0, S<0,vec4,u8>, v000001b1a3c27650_0 {1 0 0};
    %load/vec4 v000001b1a3c275b0_0;
    %addi 1, 0, 32;
    %store/vec4 v000001b1a3c275b0_0, 0, 32;
T_5.29 ;
    %pushi/vec4 0, 0, 1;
    %assign/vec4 v000001b1a3c27330_0, 0;
    %pushi/vec4 2, 0, 32;
T_5.31 %dup/vec4;
    %pushi/vec4 0, 0, 32;
    %cmp/s;
    %jmp/1xz T_5.32, 5;
    %jmp/1 T_5.32, 4;
    %pushi/vec4 1, 0, 32;
    %sub;
    %wait E_000001b1a3b7f530;
    %jmp T_5.31;
T_5.32 ;
    %pop/vec4 1;
    %pushi/vec4 1, 0, 1;
    %assign/vec4 v000001b1a3c27330_0, 0;
    %load/vec4 v000001b1a3c263f0_0;
    %addi 1, 0, 32;
    %store/vec4 v000001b1a3c263f0_0, 0, 32;
    %jmp T_5.26;
T_5.27 ;
    %pushi/vec4 0, 0, 1;
    %assign/vec4 v000001b1a3c27330_0, 0;
    %pushi/vec4 5, 0, 32;
T_5.33 %dup/vec4;
    %pushi/vec4 0, 0, 32;
    %cmp/s;
    %jmp/1xz T_5.34, 5;
    %jmp/1 T_5.34, 4;
    %pushi/vec4 1, 0, 32;
    %sub;
    %wait E_000001b1a3b7f930;
    %jmp T_5.33;
T_5.34 ;
    %pop/vec4 1;
    %load/vec4 v000001b1a3c28b90_0;
    %flag_set/vec4 8;
    %jmp/0xz  T_5.35, 8;
    %vpi_call/w 3 359 "$display", "  [ERROR] \350\257\273\344\272\213\345\212\241\350\277\224\345\233\236\351\224\231\350\257\257 user_rd_error=1" {0 0 0};
    %load/vec4 v000001b1a3c275b0_0;
    %addi 1, 0, 32;
    %store/vec4 v000001b1a3c275b0_0, 0, 32;
T_5.35 ;
    %load/vec4 v000001b1a3c287d0_0;
    %addi 1, 0, 32;
    %store/vec4 v000001b1a3c287d0_0, 0, 32;
    %end;
S_000001b1a3bb9e90 .scope module, "slave" "axi_slave_simple" 3 199, 3 439 0, S_000001b1a374d2e0;
 .timescale -9 -9;
    .port_info 0 /INPUT 1 "aclk";
    .port_info 1 /INPUT 1 "aresetn";
    .port_info 2 /INPUT 1 "awvalid";
    .port_info 3 /OUTPUT 1 "awready";
    .port_info 4 /INPUT 32 "awaddr";
    .port_info 5 /INPUT 8 "awlen";
    .port_info 6 /INPUT 1 "wvalid";
    .port_info 7 /OUTPUT 1 "wready";
    .port_info 8 /INPUT 8 "wdata";
    .port_info 9 /INPUT 1 "wlast";
    .port_info 10 /OUTPUT 1 "bvalid";
    .port_info 11 /INPUT 1 "bready";
    .port_info 12 /OUTPUT 2 "bresp";
    .port_info 13 /INPUT 1 "arvalid";
    .port_info 14 /OUTPUT 1 "arready";
    .port_info 15 /INPUT 32 "araddr";
    .port_info 16 /INPUT 8 "arlen";
    .port_info 17 /OUTPUT 1 "rvalid";
    .port_info 18 /INPUT 1 "rready";
    .port_info 19 /OUTPUT 8 "rdata";
    .port_info 20 /OUTPUT 1 "rlast";
    .port_info 21 /OUTPUT 2 "rresp";
P_000001b1a3b7fdf0 .param/l "MEM_SIZE" 0 3 440, +C4<00000000000000000001000000000000>;
L_000001b1a37de570 .functor NOT 1, v000001b1a3c29f90_0, C4<0>, C4<0>, C4<0>;
L_000001b1a37de5e0 .functor NOT 1, v000001b1a3c29c70_0, C4<0>, C4<0>, C4<0>;
L_000001b1a37de650 .functor AND 1, v000001b1a3c29f90_0, L_000001b1a37de5e0, C4<1>, C4<1>;
L_000001b1a37de6c0 .functor NOT 1, v000001b1a3c2ae90_0, C4<0>, C4<0>, C4<0>;
L_000001b1a37de730 .functor BUFZ 8, L_000001b1a3c2ca40, C4<00000000>, C4<00000000>, C4<00000000>;
L_000001b1a37de880 .functor AND 1, v000001b1a3c2ad50_0, L_000001b1a3c2cf40, C4<1>, C4<1>;
v000001b1a3c26710_0 .net *"_ivl_10", 31 0, L_000001b1a3c2cae0;  1 drivers
L_000001b1a3c311f8 .functor BUFT 1, C4<000000000000000000000000>, C4<0>, C4<0>, C4<0>;
v000001b1a3c256d0_0 .net *"_ivl_13", 23 0, L_000001b1a3c311f8;  1 drivers
v000001b1a3c26a30_0 .net *"_ivl_14", 31 0, L_000001b1a3c2d620;  1 drivers
v000001b1a3c253b0_0 .net *"_ivl_18", 0 0, L_000001b1a3c2cf40;  1 drivers
v000001b1a3c25450_0 .net *"_ivl_2", 0 0, L_000001b1a37de5e0;  1 drivers
v000001b1a3c254f0_0 .net *"_ivl_8", 7 0, L_000001b1a3c2ca40;  1 drivers
v000001b1a3c25590_0 .net "aclk", 0 0, v000001b1a3c27a10_0;  alias, 1 drivers
v000001b1a3c2ae90_0 .var "ar_latched", 0 0;
v000001b1a3c2a350_0 .net "araddr", 31 0, v000001b1a3c1fa60_0;  alias, 1 drivers
v000001b1a3c29db0_0 .var "araddr_l", 31 0;
v000001b1a3c29e50_0 .net "aresetn", 0 0, v000001b1a3c28910_0;  alias, 1 drivers
v000001b1a3c2a210_0 .net "arlen", 7 0, L_000001b1a3c2e7a0;  alias, 1 drivers
v000001b1a3c2acb0_0 .net "arready", 0 0, L_000001b1a37de6c0;  alias, 1 drivers
v000001b1a3c29b30_0 .net "arvalid", 0 0, v000001b1a3c203c0_0;  alias, 1 drivers
v000001b1a3c29f90_0 .var "aw_latched", 0 0;
v000001b1a3c2a530_0 .net "awaddr", 31 0, v000001b1a3c21ed0_0;  alias, 1 drivers
v000001b1a3c2a8f0_0 .var "awaddr_l", 31 0;
v000001b1a3c29bd0_0 .net "awlen", 7 0, L_000001b1a3c2d800;  alias, 1 drivers
v000001b1a3c2adf0_0 .net "awready", 0 0, L_000001b1a37de570;  alias, 1 drivers
v000001b1a3c29a90_0 .net "awvalid", 0 0, v000001b1a3c22010_0;  alias, 1 drivers
v000001b1a3c29c70_0 .var "b_pending", 0 0;
v000001b1a3c299f0_0 .net "bready", 0 0, v000001b1a3c217f0_0;  alias, 1 drivers
v000001b1a3c29810_0 .net "bresp", 1 0, o000001b1a3bc7a08;  alias, 0 drivers
v000001b1a3c29ef0_0 .var "bvalid", 0 0;
v000001b1a3c2ac10 .array "mem", 4095 0, 7 0;
v000001b1a3c2ad50_0 .var "r_active", 0 0;
v000001b1a3c2a030_0 .var "r_cnt", 7 0;
v000001b1a3c2a710_0 .net "rdata", 7 0, L_000001b1a37de730;  alias, 1 drivers
v000001b1a3c298b0_0 .net "rlast", 0 0, L_000001b1a37de880;  alias, 1 drivers
v000001b1a3c2a5d0_0 .net "rready", 0 0, v000001b1a3c20780_0;  alias, 1 drivers
v000001b1a3c2a490_0 .net "rresp", 1 0, L_000001b1a3c31240;  alias, 1 drivers
v000001b1a3c2aad0_0 .var "rvalid", 0 0;
v000001b1a3c2a0d0_0 .var "w_cnt", 7 0;
v000001b1a3c2a170_0 .net "wdata", 7 0, L_000001b1a3c2cd60;  alias, 1 drivers
v000001b1a3c2a850_0 .net "wlast", 0 0, L_000001b1a37de180;  alias, 1 drivers
v000001b1a3c29d10_0 .net "wready", 0 0, L_000001b1a37de650;  alias, 1 drivers
v000001b1a3c2aa30_0 .net "wvalid", 0 0, L_000001b1a37ddd90;  alias, 1 drivers
L_000001b1a3c2ca40 .array/port v000001b1a3c2ac10, L_000001b1a3c2d620;
L_000001b1a3c2cae0 .concat [ 8 24 0 0], v000001b1a3c2a030_0, L_000001b1a3c311f8;
L_000001b1a3c2d620 .arith/sum 32, v000001b1a3c29db0_0, L_000001b1a3c2cae0;
L_000001b1a3c2cf40 .cmp/eq 8, v000001b1a3c2a030_0, L_000001b1a3c2e7a0;
S_000001b1a3c2b1d0 .scope task, "wr_burst" "wr_burst" 3 227, 3 227 0, S_000001b1a374d2e0;
 .timescale -9 -9;
v000001b1a3c2a7b0_0 .var "addr", 31 0;
v000001b1a3c2a670_0 .var "data_val", 7 0;
v000001b1a3c29950_0 .var/i "i", 31 0;
v000001b1a3c2a2b0_0 .var "len", 7 0;
v000001b1a3c2a3f0_0 .var "seed", 7 0;
TD_tb_axi_master_simple.wr_burst ;
    %vpi_call/w 3 231 "$display", "  [WR] addr=0x%08h len=%0d seed=0x%02h", v000001b1a3c2a7b0_0, v000001b1a3c2a2b0_0, v000001b1a3c2a3f0_0 {0 0 0};
    %load/vec4 v000001b1a3c2a7b0_0;
    %assign/vec4 v000001b1a3c276f0_0, 0;
    %load/vec4 v000001b1a3c2a2b0_0;
    %assign/vec4 v000001b1a3c28d70_0, 0;
    %pushi/vec4 1, 0, 2;
    %assign/vec4 v000001b1a3c28cd0_0, 0;
    %wait E_000001b1a3b7efb0;
    %pushi/vec4 1, 0, 1;
    %assign/vec4 v000001b1a3c27830_0, 0;
    %wait E_000001b1a3b7efb0;
    %pushi/vec4 0, 0, 1;
    %assign/vec4 v000001b1a3c27830_0, 0;
    %pushi/vec4 0, 0, 32;
    %store/vec4 v000001b1a3c29950_0, 0, 32;
T_6.37 ;
    %load/vec4 v000001b1a3c29950_0;
    %load/vec4 v000001b1a3c2a2b0_0;
    %pad/u 32;
    %cmp/u;
    %jmp/0xz T_6.38, 5;
    %load/vec4 v000001b1a3c2a3f0_0;
    %pad/u 32;
    %load/vec4 v000001b1a3c29950_0;
    %add;
    %pad/u 8;
    %store/vec4 v000001b1a3c2a670_0, 0, 8;
    %load/vec4 v000001b1a3c2a670_0;
    %assign/vec4 v000001b1a3c291d0_0, 0;
    %pushi/vec4 1, 0, 1;
    %assign/vec4 v000001b1a3c2da80_0, 0;
T_6.39 ;
    %wait E_000001b1a3b7efb0;
    %load/vec4 v000001b1a3c28eb0_0;
    %nor/r;
    %flag_set/vec4 8;
    %jmp/1 T_6.39, 8;
    %load/vec4 v000001b1a3c2a670_0;
    %load/vec4 v000001b1a3c2a7b0_0;
    %load/vec4 v000001b1a3c29950_0;
    %add;
    %ix/vec4 4;
    %store/vec4a v000001b1a3c28870, 4, 0;
    %load/vec4 v000001b1a3c29950_0;
    %addi 1, 0, 32;
    %store/vec4 v000001b1a3c29950_0, 0, 32;
    %jmp T_6.37;
T_6.38 ;
    %pushi/vec4 0, 0, 1;
    %assign/vec4 v000001b1a3c2da80_0, 0;
T_6.40 ;
    %load/vec4 v000001b1a3c21610_0;
    %cmpi/e 1, 0, 1;
    %jmp/0xz T_6.41, 4;
    %wait E_000001b1a3b7f930;
    %jmp T_6.40;
T_6.41 ;
    %pushi/vec4 2, 0, 32;
T_6.42 %dup/vec4;
    %pushi/vec4 0, 0, 32;
    %cmp/s;
    %jmp/1xz T_6.43, 5;
    %jmp/1 T_6.43, 4;
    %pushi/vec4 1, 0, 32;
    %sub;
    %wait E_000001b1a3b7f930;
    %jmp T_6.42;
T_6.43 ;
    %pop/vec4 1;
    %load/vec4 v000001b1a3c27790_0;
    %flag_set/vec4 8;
    %jmp/0xz  T_6.44, 8;
    %vpi_call/w 3 251 "$display", "  [ERROR] \345\206\231\344\272\213\345\212\241\350\277\224\345\233\236\351\224\231\350\257\257 user_wr_error=1" {0 0 0};
    %load/vec4 v000001b1a3c275b0_0;
    %addi 1, 0, 32;
    %store/vec4 v000001b1a3c275b0_0, 0, 32;
T_6.44 ;
    %load/vec4 v000001b1a3c2e840_0;
    %addi 1, 0, 32;
    %store/vec4 v000001b1a3c2e840_0, 0, 32;
    %end;
S_000001b1a3c2bb80 .scope task, "wr_burst_pause" "wr_burst_pause" 3 296, 3 296 0, S_000001b1a374d2e0;
 .timescale -9 -9;
v000001b1a3c2a990_0 .var "addr", 31 0;
v000001b1a3c2ab70_0 .var "data_val", 7 0;
v000001b1a3c27470_0 .var/i "i", 31 0;
v000001b1a3c278d0_0 .var "len", 7 0;
v000001b1a3c27150_0 .var "seed", 7 0;
TD_tb_axi_master_simple.wr_burst_pause ;
    %vpi_call/w 3 300 "$display", "  [WR-pause] addr=0x%08h len=%0d seed=0x%02h", v000001b1a3c2a990_0, v000001b1a3c278d0_0, v000001b1a3c27150_0 {0 0 0};
    %load/vec4 v000001b1a3c2a990_0;
    %assign/vec4 v000001b1a3c276f0_0, 0;
    %load/vec4 v000001b1a3c278d0_0;
    %assign/vec4 v000001b1a3c28d70_0, 0;
    %pushi/vec4 1, 0, 2;
    %assign/vec4 v000001b1a3c28cd0_0, 0;
    %wait E_000001b1a3b7efb0;
    %pushi/vec4 1, 0, 1;
    %assign/vec4 v000001b1a3c27830_0, 0;
    %wait E_000001b1a3b7efb0;
    %pushi/vec4 0, 0, 1;
    %assign/vec4 v000001b1a3c27830_0, 0;
    %pushi/vec4 0, 0, 32;
    %store/vec4 v000001b1a3c27470_0, 0, 32;
T_7.46 ;
    %load/vec4 v000001b1a3c27470_0;
    %load/vec4 v000001b1a3c278d0_0;
    %pad/u 32;
    %cmp/u;
    %jmp/0xz T_7.47, 5;
    %load/vec4 v000001b1a3c27150_0;
    %pad/u 32;
    %load/vec4 v000001b1a3c27470_0;
    %add;
    %pad/u 8;
    %store/vec4 v000001b1a3c2ab70_0, 0, 8;
    %load/vec4 v000001b1a3c2ab70_0;
    %assign/vec4 v000001b1a3c291d0_0, 0;
    %pushi/vec4 1, 0, 1;
    %assign/vec4 v000001b1a3c2da80_0, 0;
T_7.48 ;
    %wait E_000001b1a3b7efb0;
    %load/vec4 v000001b1a3c28eb0_0;
    %nor/r;
    %flag_set/vec4 8;
    %jmp/1 T_7.48, 8;
    %load/vec4 v000001b1a3c2ab70_0;
    %load/vec4 v000001b1a3c2a990_0;
    %load/vec4 v000001b1a3c27470_0;
    %add;
    %ix/vec4 4;
    %store/vec4a v000001b1a3c28870, 4, 0;
    %pushi/vec4 0, 0, 1;
    %assign/vec4 v000001b1a3c2da80_0, 0;
    %pushi/vec4 2, 0, 32;
T_7.49 %dup/vec4;
    %pushi/vec4 0, 0, 32;
    %cmp/s;
    %jmp/1xz T_7.50, 5;
    %jmp/1 T_7.50, 4;
    %pushi/vec4 1, 0, 32;
    %sub;
    %wait E_000001b1a3b7efb0;
    %jmp T_7.49;
T_7.50 ;
    %pop/vec4 1;
    %load/vec4 v000001b1a3c27470_0;
    %addi 1, 0, 32;
    %store/vec4 v000001b1a3c27470_0, 0, 32;
    %jmp T_7.46;
T_7.47 ;
    %pushi/vec4 0, 0, 1;
    %assign/vec4 v000001b1a3c2da80_0, 0;
T_7.51 ;
    %load/vec4 v000001b1a3c21610_0;
    %cmpi/e 1, 0, 1;
    %jmp/0xz T_7.52, 4;
    %wait E_000001b1a3b7f930;
    %jmp T_7.51;
T_7.52 ;
    %pushi/vec4 2, 0, 32;
T_7.53 %dup/vec4;
    %pushi/vec4 0, 0, 32;
    %cmp/s;
    %jmp/1xz T_7.54, 5;
    %jmp/1 T_7.54, 4;
    %pushi/vec4 1, 0, 32;
    %sub;
    %wait E_000001b1a3b7f930;
    %jmp T_7.53;
T_7.54 ;
    %pop/vec4 1;
    %load/vec4 v000001b1a3c27790_0;
    %flag_set/vec4 8;
    %jmp/0xz  T_7.55, 8;
    %vpi_call/w 3 322 "$display", "  [ERROR] \345\206\231\344\272\213\345\212\241\350\277\224\345\233\236\351\224\231\350\257\257 user_wr_error=1" {0 0 0};
    %load/vec4 v000001b1a3c275b0_0;
    %addi 1, 0, 32;
    %store/vec4 v000001b1a3c275b0_0, 0, 32;
T_7.55 ;
    %load/vec4 v000001b1a3c2e840_0;
    %addi 1, 0, 32;
    %store/vec4 v000001b1a3c2e840_0, 0, 32;
    %end;
    .scope S_000001b1a3b66670;
T_8 ;
    %pushi/vec4 0, 0, 6;
    %store/vec4 v000001b1a3c162c0_0, 0, 6;
    %pushi/vec4 0, 0, 6;
    %store/vec4 v000001b1a3c15aa0_0, 0, 6;
    %pushi/vec4 0, 0, 6;
    %store/vec4 v000001b1a3c14d80_0, 0, 6;
    %pushi/vec4 0, 0, 6;
    %store/vec4 v000001b1a3c165e0_0, 0, 6;
    %pushi/vec4 0, 0, 6;
    %store/vec4 v000001b1a3c16400_0, 0, 6;
    %pushi/vec4 0, 0, 6;
    %store/vec4 v000001b1a3c15280_0, 0, 6;
    %pushi/vec4 0, 0, 6;
    %store/vec4 v000001b1a3c14ec0_0, 0, 6;
    %pushi/vec4 0, 0, 6;
    %store/vec4 v000001b1a3c15d20_0, 0, 6;
    %pushi/vec4 0, 0, 8;
    %store/vec4 v000001b1a3c15640_0, 0, 8;
    %pushi/vec4 0, 0, 1;
    %store/vec4 v000001b1a3c16680_0, 0, 1;
    %end;
    .thread T_8, $init;
    .scope S_000001b1a3b66670;
T_9 ;
    %wait E_000001b1a3b7f930;
    %load/vec4 v000001b1a3c15320_0;
    %flag_set/vec4 9;
    %flag_get/vec4 9;
    %jmp/0 T_9.2, 9;
    %load/vec4 v000001b1a3c15f00_0;
    %nor/r;
    %and;
T_9.2;
    %flag_set/vec4 8;
    %jmp/0xz  T_9.0, 8;
    %load/vec4 v000001b1a3c14c40_0;
    %assign/vec4 v000001b1a3c162c0_0, 0;
    %load/vec4 v000001b1a3c14ce0_0;
    %assign/vec4 v000001b1a3c15aa0_0, 0;
T_9.0 ;
    %jmp T_9;
    .thread T_9;
    .scope S_000001b1a3b66670;
T_10 ;
    %wait E_000001b1a3b7f930;
    %load/vec4 v000001b1a3c15320_0;
    %flag_set/vec4 9;
    %flag_get/vec4 9;
    %jmp/0 T_10.2, 9;
    %load/vec4 v000001b1a3c15f00_0;
    %nor/r;
    %and;
T_10.2;
    %flag_set/vec4 8;
    %jmp/0xz  T_10.0, 8;
    %load/vec4 v000001b1a3c15a00_0;
    %load/vec4 v000001b1a3c162c0_0;
    %parti/s 5, 0, 2;
    %pad/u 7;
    %ix/vec4 3;
    %ix/load 4, 0, 0; Constant delay
    %assign/vec4/a/d v000001b1a3c167c0, 0, 4;
T_10.0 ;
    %jmp T_10;
    .thread T_10;
    .scope S_000001b1a3b66670;
T_11 ;
    %wait E_000001b1a3b7f930;
    %load/vec4 v000001b1a3c15280_0;
    %assign/vec4 v000001b1a3c14d80_0, 0;
    %load/vec4 v000001b1a3c14d80_0;
    %assign/vec4 v000001b1a3c165e0_0, 0;
    %jmp T_11;
    .thread T_11;
    .scope S_000001b1a3b66670;
T_12 ;
    %wait E_000001b1a3b7f530;
    %load/vec4 v000001b1a3c15960_0;
    %flag_set/vec4 8;
    %jmp/0xz  T_12.0, 8;
    %load/vec4 v000001b1a3c160e0_0;
    %assign/vec4 v000001b1a3c16400_0, 0;
    %load/vec4 v000001b1a3c169a0_0;
    %assign/vec4 v000001b1a3c15280_0, 0;
T_12.0 ;
    %jmp T_12;
    .thread T_12;
    .scope S_000001b1a3b66670;
T_13 ;
    %wait E_000001b1a3b7f530;
    %load/vec4 v000001b1a3c15aa0_0;
    %assign/vec4 v000001b1a3c14ec0_0, 0;
    %load/vec4 v000001b1a3c14ec0_0;
    %assign/vec4 v000001b1a3c15d20_0, 0;
    %jmp T_13;
    .thread T_13;
    .scope S_000001b1a3b66670;
T_14 ;
    %wait E_000001b1a3b7f530;
    %load/vec4 v000001b1a3c16680_0;
    %flag_set/vec4 10;
    %flag_get/vec4 10;
    %jmp/0 T_14.3, 10;
    %load/vec4 v000001b1a3c16900_0;
    %and;
T_14.3;
    %flag_set/vec4 9;
    %flag_get/vec4 9;
    %jmp/0 T_14.2, 9;
    %load/vec4 v000001b1a3c155a0_0;
    %flag_set/vec4 9;
    %flag_get/vec4 9;
    %jmp/1 T_14.4, 9;
    %load/vec4 v000001b1a3c169a0_0;
    %load/vec4 v000001b1a3c15b40_0;
    %cmp/e;
    %flag_get/vec4 4;
    %or;
T_14.4;
    %and;
T_14.2;
    %flag_set/vec4 8;
    %jmp/0xz  T_14.0, 8;
    %pushi/vec4 0, 0, 1;
    %assign/vec4 v000001b1a3c16680_0, 0;
    %jmp T_14.1;
T_14.0 ;
    %load/vec4 v000001b1a3c16680_0;
    %nor/r;
    %flag_set/vec4 9;
    %flag_get/vec4 9;
    %jmp/0 T_14.7, 9;
    %load/vec4 v000001b1a3c155a0_0;
    %nor/r;
    %and;
T_14.7;
    %flag_set/vec4 8;
    %jmp/0xz  T_14.5, 8;
    %load/vec4 v000001b1a3c14e20_0;
    %assign/vec4 v000001b1a3c15640_0, 0;
    %pushi/vec4 1, 0, 1;
    %assign/vec4 v000001b1a3c16680_0, 0;
    %jmp T_14.6;
T_14.5 ;
    %load/vec4 v000001b1a3c16680_0;
    %flag_set/vec4 9;
    %flag_get/vec4 9;
    %jmp/0 T_14.10, 9;
    %load/vec4 v000001b1a3c16900_0;
    %and;
T_14.10;
    %flag_set/vec4 8;
    %jmp/0xz  T_14.8, 8;
    %load/vec4 v000001b1a3c160e0_0;
    %parti/s 5, 0, 2;
    %pad/u 7;
    %ix/vec4 4;
    %load/vec4a v000001b1a3c167c0, 4;
    %assign/vec4 v000001b1a3c15640_0, 0;
    %pushi/vec4 1, 0, 1;
    %assign/vec4 v000001b1a3c16680_0, 0;
T_14.8 ;
T_14.6 ;
T_14.1 ;
    %jmp T_14;
    .thread T_14;
    .scope S_000001b1a3bbf470;
T_15 ;
    %pushi/vec4 0, 0, 6;
    %store/vec4 v000001b1a3c13db0_0, 0, 6;
    %pushi/vec4 0, 0, 6;
    %store/vec4 v000001b1a3c12b90_0, 0, 6;
    %pushi/vec4 0, 0, 6;
    %store/vec4 v000001b1a3c13d10_0, 0, 6;
    %pushi/vec4 0, 0, 6;
    %store/vec4 v000001b1a3c13590_0, 0, 6;
    %pushi/vec4 0, 0, 6;
    %store/vec4 v000001b1a3b731b0_0, 0, 6;
    %pushi/vec4 0, 0, 6;
    %store/vec4 v000001b1a3c142b0_0, 0, 6;
    %pushi/vec4 0, 0, 6;
    %store/vec4 v000001b1a3c133b0_0, 0, 6;
    %pushi/vec4 0, 0, 6;
    %store/vec4 v000001b1a3c136d0_0, 0, 6;
    %pushi/vec4 0, 0, 8;
    %store/vec4 v000001b1a3b828d0_0, 0, 8;
    %pushi/vec4 0, 0, 1;
    %store/vec4 v000001b1a3b81d90_0, 0, 1;
    %end;
    .thread T_15, $init;
    .scope S_000001b1a3bbf470;
T_16 ;
    %wait E_000001b1a3b7efb0;
    %load/vec4 v000001b1a3c13b30_0;
    %flag_set/vec4 9;
    %flag_get/vec4 9;
    %jmp/0 T_16.2, 9;
    %load/vec4 v000001b1a3b83a50_0;
    %nor/r;
    %and;
T_16.2;
    %flag_set/vec4 8;
    %jmp/0xz  T_16.0, 8;
    %load/vec4 v000001b1a3c13e50_0;
    %assign/vec4 v000001b1a3c13db0_0, 0;
    %load/vec4 v000001b1a3c13090_0;
    %assign/vec4 v000001b1a3c12b90_0, 0;
T_16.0 ;
    %jmp T_16;
    .thread T_16;
    .scope S_000001b1a3bbf470;
T_17 ;
    %wait E_000001b1a3b7efb0;
    %load/vec4 v000001b1a3c13b30_0;
    %flag_set/vec4 9;
    %flag_get/vec4 9;
    %jmp/0 T_17.2, 9;
    %load/vec4 v000001b1a3b83a50_0;
    %nor/r;
    %and;
T_17.2;
    %flag_set/vec4 8;
    %jmp/0xz  T_17.0, 8;
    %load/vec4 v000001b1a3b830f0_0;
    %load/vec4 v000001b1a3c13db0_0;
    %parti/s 5, 0, 2;
    %pad/u 7;
    %ix/vec4 3;
    %ix/load 4, 0, 0; Constant delay
    %assign/vec4/a/d v000001b1a3b82970, 0, 4;
T_17.0 ;
    %jmp T_17;
    .thread T_17;
    .scope S_000001b1a3bbf470;
T_18 ;
    %wait E_000001b1a3b7efb0;
    %load/vec4 v000001b1a3c142b0_0;
    %assign/vec4 v000001b1a3c13d10_0, 0;
    %load/vec4 v000001b1a3c13d10_0;
    %assign/vec4 v000001b1a3c13590_0, 0;
    %jmp T_18;
    .thread T_18;
    .scope S_000001b1a3bbf470;
T_19 ;
    %wait E_000001b1a3b7f930;
    %load/vec4 v000001b1a3b72710_0;
    %flag_set/vec4 8;
    %jmp/0xz  T_19.0, 8;
    %load/vec4 v000001b1a3c14710_0;
    %assign/vec4 v000001b1a3b731b0_0, 0;
    %load/vec4 v000001b1a3c14670_0;
    %assign/vec4 v000001b1a3c142b0_0, 0;
T_19.0 ;
    %jmp T_19;
    .thread T_19;
    .scope S_000001b1a3bbf470;
T_20 ;
    %wait E_000001b1a3b7f930;
    %load/vec4 v000001b1a3c12b90_0;
    %assign/vec4 v000001b1a3c133b0_0, 0;
    %load/vec4 v000001b1a3c133b0_0;
    %assign/vec4 v000001b1a3c136d0_0, 0;
    %jmp T_20;
    .thread T_20;
    .scope S_000001b1a3bbf470;
T_21 ;
    %wait E_000001b1a3b7f930;
    %load/vec4 v000001b1a3b81d90_0;
    %flag_set/vec4 10;
    %flag_get/vec4 10;
    %jmp/0 T_21.3, 10;
    %load/vec4 v000001b1a3b72fd0_0;
    %and;
T_21.3;
    %flag_set/vec4 9;
    %flag_get/vec4 9;
    %jmp/0 T_21.2, 9;
    %load/vec4 v000001b1a3c14a30_0;
    %flag_set/vec4 9;
    %flag_get/vec4 9;
    %jmp/1 T_21.4, 9;
    %load/vec4 v000001b1a3c14670_0;
    %load/vec4 v000001b1a3c14990_0;
    %cmp/e;
    %flag_get/vec4 4;
    %or;
T_21.4;
    %and;
T_21.2;
    %flag_set/vec4 8;
    %jmp/0xz  T_21.0, 8;
    %pushi/vec4 0, 0, 1;
    %assign/vec4 v000001b1a3b81d90_0, 0;
    %jmp T_21.1;
T_21.0 ;
    %load/vec4 v000001b1a3b81d90_0;
    %nor/r;
    %flag_set/vec4 9;
    %flag_get/vec4 9;
    %jmp/0 T_21.7, 9;
    %load/vec4 v000001b1a3c14a30_0;
    %nor/r;
    %and;
T_21.7;
    %flag_set/vec4 8;
    %jmp/0xz  T_21.5, 8;
    %load/vec4 v000001b1a3b81e30_0;
    %assign/vec4 v000001b1a3b828d0_0, 0;
    %pushi/vec4 1, 0, 1;
    %assign/vec4 v000001b1a3b81d90_0, 0;
    %jmp T_21.6;
T_21.5 ;
    %load/vec4 v000001b1a3b81d90_0;
    %flag_set/vec4 9;
    %flag_get/vec4 9;
    %jmp/0 T_21.10, 9;
    %load/vec4 v000001b1a3b72fd0_0;
    %and;
T_21.10;
    %flag_set/vec4 8;
    %jmp/0xz  T_21.8, 8;
    %load/vec4 v000001b1a3c14710_0;
    %parti/s 5, 0, 2;
    %pad/u 7;
    %ix/vec4 4;
    %load/vec4a v000001b1a3b82970, 4;
    %assign/vec4 v000001b1a3b828d0_0, 0;
    %pushi/vec4 1, 0, 1;
    %assign/vec4 v000001b1a3b81d90_0, 0;
T_21.8 ;
T_21.6 ;
T_21.1 ;
    %jmp T_21;
    .thread T_21;
    .scope S_000001b1a3782990;
T_22 ;
    %wait E_000001b1a3b7f930;
    %load/vec4 v000001b1a3c21890_0;
    %cmpi/e 0, 0, 1;
    %jmp/0xz  T_22.0, 4;
    %pushi/vec4 0, 0, 1;
    %assign/vec4 v000001b1a3c21610_0, 0;
    %pushi/vec4 0, 0, 8;
    %assign/vec4 v000001b1a3c248e0_0, 0;
    %jmp T_22.1;
T_22.0 ;
    %load/vec4 v000001b1a3c21610_0;
    %dup/vec4;
    %pushi/vec4 0, 0, 1;
    %cmp/u;
    %jmp/1 T_22.2, 6;
    %dup/vec4;
    %pushi/vec4 1, 0, 1;
    %cmp/u;
    %jmp/1 T_22.3, 6;
    %pushi/vec4 0, 0, 1;
    %assign/vec4 v000001b1a3c21610_0, 0;
    %jmp T_22.5;
T_22.2 ;
    %load/vec4 v000001b1a3c23c60_0;
    %cmpi/e 1, 0, 1;
    %jmp/0xz  T_22.6, 4;
    %pushi/vec4 1, 0, 1;
    %assign/vec4 v000001b1a3c21610_0, 0;
    %jmp T_22.7;
T_22.6 ;
    %pushi/vec4 0, 0, 1;
    %assign/vec4 v000001b1a3c21610_0, 0;
T_22.7 ;
    %jmp T_22.5;
T_22.3 ;
    %load/vec4 v000001b1a3c211b0_0;
    %load/vec4 v000001b1a3c217f0_0;
    %and;
    %flag_set/vec4 8;
    %jmp/0xz  T_22.8, 8;
    %pushi/vec4 0, 0, 1;
    %assign/vec4 v000001b1a3c21610_0, 0;
    %jmp T_22.9;
T_22.8 ;
    %pushi/vec4 1, 0, 1;
    %assign/vec4 v000001b1a3c21610_0, 0;
T_22.9 ;
    %jmp T_22.5;
T_22.5 ;
    %pop/vec4 1;
T_22.1 ;
    %jmp T_22;
    .thread T_22;
    .scope S_000001b1a3782990;
T_23 ;
    %wait E_000001b1a3b7f930;
    %load/vec4 v000001b1a3c23c60_0;
    %flag_set/vec4 8;
    %jmp/0xz  T_23.0, 8;
    %load/vec4 v000001b1a3c24200_0;
    %assign/vec4 v000001b1a3c248e0_0, 0;
    %load/vec4 v000001b1a3c245c0_0;
    %cmpi/e 3, 3, 2;
    %flag_mov 8, 6;
    %jmp/0 T_23.2, 8;
    %pushi/vec4 1, 0, 2;
    %jmp/1 T_23.3, 8;
T_23.2 ; End of true expr.
    %load/vec4 v000001b1a3c245c0_0;
    %jmp/0 T_23.3, 8;
 ; End of false expr.
    %blend;
T_23.3;
    %assign/vec4 v000001b1a3c247a0_0, 0;
T_23.0 ;
    %jmp T_23;
    .thread T_23;
    .scope S_000001b1a3782990;
T_24 ;
    %wait E_000001b1a3b7f930;
    %load/vec4 v000001b1a3c21890_0;
    %cmpi/e 0, 0, 1;
    %jmp/0xz  T_24.0, 4;
    %pushi/vec4 0, 0, 32;
    %assign/vec4 v000001b1a3c21ed0_0, 0;
    %jmp T_24.1;
T_24.0 ;
    %load/vec4 v000001b1a3c23c60_0;
    %flag_set/vec4 8;
    %jmp/0xz  T_24.2, 8;
    %pushi/vec4 0, 0, 32;
    %load/vec4 v000001b1a3c24480_0;
    %add;
    %assign/vec4 v000001b1a3c21ed0_0, 0;
    %jmp T_24.3;
T_24.2 ;
    %load/vec4 v000001b1a3c217f0_0;
    %load/vec4 v000001b1a3c211b0_0;
    %and;
    %flag_set/vec4 8;
    %jmp/0xz  T_24.4, 8;
    %load/vec4 v000001b1a3c21ed0_0;
    %load/vec4 v000001b1a3c248e0_0;
    %pad/u 32;
    %muli 8, 0, 32;
    %pushi/vec4 8, 0, 32;
    %div;
    %add;
    %assign/vec4 v000001b1a3c21ed0_0, 0;
T_24.4 ;
T_24.3 ;
T_24.1 ;
    %jmp T_24;
    .thread T_24;
    .scope S_000001b1a3782990;
T_25 ;
    %wait E_000001b1a3b7f930;
    %load/vec4 v000001b1a3c21890_0;
    %cmpi/e 0, 0, 1;
    %jmp/0xz  T_25.0, 4;
    %pushi/vec4 0, 0, 1;
    %assign/vec4 v000001b1a3c22010_0, 0;
    %jmp T_25.1;
T_25.0 ;
    %load/vec4 v000001b1a3c21d90_0;
    %load/vec4 v000001b1a3c22010_0;
    %and;
    %flag_set/vec4 8;
    %jmp/0xz  T_25.2, 8;
    %pushi/vec4 0, 0, 1;
    %assign/vec4 v000001b1a3c22010_0, 0;
    %jmp T_25.3;
T_25.2 ;
    %load/vec4 v000001b1a3c23c60_0;
    %cmpi/e 1, 0, 1;
    %jmp/0xz  T_25.4, 4;
    %pushi/vec4 1, 0, 1;
    %assign/vec4 v000001b1a3c22010_0, 0;
T_25.4 ;
T_25.3 ;
T_25.1 ;
    %jmp T_25;
    .thread T_25;
    .scope S_000001b1a3782990;
T_26 ;
    %wait E_000001b1a3b7f930;
    %load/vec4 v000001b1a3c21890_0;
    %cmpi/e 0, 0, 1;
    %jmp/0xz  T_26.0, 4;
    %pushi/vec4 0, 0, 32;
    %assign/vec4 v000001b1a3c238a0_0, 0;
    %jmp T_26.1;
T_26.0 ;
    %load/vec4 v000001b1a3c21610_0;
    %cmpi/ne 1, 0, 1;
    %jmp/0xz  T_26.2, 4;
    %pushi/vec4 0, 0, 32;
    %assign/vec4 v000001b1a3c238a0_0, 0;
    %jmp T_26.3;
T_26.2 ;
    %load/vec4 v000001b1a3c22330_0;
    %load/vec4 v000001b1a3c221f0_0;
    %and;
    %flag_set/vec4 8;
    %jmp/0xz  T_26.4, 8;
    %load/vec4 v000001b1a3c238a0_0;
    %addi 1, 0, 32;
    %assign/vec4 v000001b1a3c238a0_0, 0;
T_26.4 ;
T_26.3 ;
T_26.1 ;
    %jmp T_26;
    .thread T_26;
    .scope S_000001b1a3782990;
T_27 ;
    %wait E_000001b1a3b7f930;
    %load/vec4 v000001b1a3c21890_0;
    %cmpi/e 0, 0, 1;
    %jmp/0xz  T_27.0, 4;
    %pushi/vec4 0, 0, 1;
    %assign/vec4 v000001b1a3c217f0_0, 0;
    %jmp T_27.1;
T_27.0 ;
    %load/vec4 v000001b1a3c211b0_0;
    %load/vec4 v000001b1a3c217f0_0;
    %and;
    %flag_set/vec4 8;
    %jmp/0xz  T_27.2, 8;
    %pushi/vec4 0, 0, 1;
    %assign/vec4 v000001b1a3c217f0_0, 0;
    %jmp T_27.3;
T_27.2 ;
    %load/vec4 v000001b1a3c22150_0;
    %load/vec4 v000001b1a3c22330_0;
    %and;
    %load/vec4 v000001b1a3c221f0_0;
    %and;
    %flag_set/vec4 8;
    %jmp/0xz  T_27.4, 8;
    %pushi/vec4 1, 0, 1;
    %assign/vec4 v000001b1a3c217f0_0, 0;
T_27.4 ;
T_27.3 ;
T_27.1 ;
    %jmp T_27;
    .thread T_27;
    .scope S_000001b1a3782990;
T_28 ;
    %wait E_000001b1a3b7f930;
    %load/vec4 v000001b1a3c21890_0;
    %cmpi/e 0, 0, 1;
    %jmp/0xz  T_28.0, 4;
    %pushi/vec4 0, 0, 1;
    %assign/vec4 v000001b1a3c24a20_0, 0;
    %jmp T_28.1;
T_28.0 ;
    %load/vec4 v000001b1a3c23c60_0;
    %flag_set/vec4 8;
    %jmp/0xz  T_28.2, 8;
    %pushi/vec4 0, 0, 1;
    %assign/vec4 v000001b1a3c24a20_0, 0;
    %jmp T_28.3;
T_28.2 ;
    %load/vec4 v000001b1a3c211b0_0;
    %load/vec4 v000001b1a3c217f0_0;
    %and;
    %flag_set/vec4 9;
    %flag_get/vec4 9;
    %jmp/0 T_28.6, 9;
    %load/vec4 v000001b1a3c219d0_0;
    %pushi/vec4 0, 0, 2;
    %cmp/ne;
    %flag_get/vec4 4;
    %and;
T_28.6;
    %flag_set/vec4 8;
    %jmp/0xz  T_28.4, 8;
    %pushi/vec4 1, 0, 1;
    %assign/vec4 v000001b1a3c24a20_0, 0;
T_28.4 ;
T_28.3 ;
T_28.1 ;
    %jmp T_28;
    .thread T_28;
    .scope S_000001b1a3760ab0;
T_29 ;
    %wait E_000001b1a3b7f930;
    %load/vec4 v000001b1a3c1fb00_0;
    %cmpi/e 0, 0, 1;
    %jmp/0xz  T_29.0, 4;
    %pushi/vec4 0, 0, 1;
    %assign/vec4 v000001b1a3c20140_0, 0;
    %pushi/vec4 0, 0, 8;
    %assign/vec4 v000001b1a3c200a0_0, 0;
    %jmp T_29.1;
T_29.0 ;
    %load/vec4 v000001b1a3c20140_0;
    %dup/vec4;
    %pushi/vec4 0, 0, 1;
    %cmp/u;
    %jmp/1 T_29.2, 6;
    %dup/vec4;
    %pushi/vec4 1, 0, 1;
    %cmp/u;
    %jmp/1 T_29.3, 6;
    %pushi/vec4 0, 0, 1;
    %assign/vec4 v000001b1a3c20140_0, 0;
    %jmp T_29.5;
T_29.2 ;
    %load/vec4 v000001b1a3c1f6a0_0;
    %cmpi/e 1, 0, 1;
    %jmp/0xz  T_29.6, 4;
    %pushi/vec4 1, 0, 1;
    %assign/vec4 v000001b1a3c20140_0, 0;
    %jmp T_29.7;
T_29.6 ;
    %pushi/vec4 0, 0, 1;
    %assign/vec4 v000001b1a3c20140_0, 0;
T_29.7 ;
    %jmp T_29.5;
T_29.3 ;
    %load/vec4 v000001b1a3c20460_0;
    %flag_set/vec4 10;
    %flag_get/vec4 10;
    %jmp/0 T_29.11, 10;
    %load/vec4 v000001b1a3c1f2e0_0;
    %and;
T_29.11;
    %flag_set/vec4 9;
    %flag_get/vec4 9;
    %jmp/0 T_29.10, 9;
    %load/vec4 v000001b1a3c20780_0;
    %and;
T_29.10;
    %flag_set/vec4 8;
    %jmp/0xz  T_29.8, 8;
    %pushi/vec4 0, 0, 1;
    %assign/vec4 v000001b1a3c20140_0, 0;
    %jmp T_29.9;
T_29.8 ;
    %pushi/vec4 1, 0, 1;
    %assign/vec4 v000001b1a3c20140_0, 0;
T_29.9 ;
    %jmp T_29.5;
T_29.5 ;
    %pop/vec4 1;
T_29.1 ;
    %jmp T_29;
    .thread T_29;
    .scope S_000001b1a3760ab0;
T_30 ;
    %wait E_000001b1a3b7f930;
    %load/vec4 v000001b1a3c1f6a0_0;
    %flag_set/vec4 8;
    %jmp/0xz  T_30.0, 8;
    %load/vec4 v000001b1a3c1f600_0;
    %assign/vec4 v000001b1a3c200a0_0, 0;
    %load/vec4 v000001b1a3c20be0_0;
    %cmpi/e 3, 3, 2;
    %flag_mov 8, 6;
    %jmp/0 T_30.2, 8;
    %pushi/vec4 1, 0, 2;
    %jmp/1 T_30.3, 8;
T_30.2 ; End of true expr.
    %load/vec4 v000001b1a3c20be0_0;
    %jmp/0 T_30.3, 8;
 ; End of false expr.
    %blend;
T_30.3;
    %assign/vec4 v000001b1a3c1ff60_0, 0;
T_30.0 ;
    %jmp T_30;
    .thread T_30;
    .scope S_000001b1a3760ab0;
T_31 ;
    %wait E_000001b1a3b7f930;
    %load/vec4 v000001b1a3c1fb00_0;
    %cmpi/e 0, 0, 1;
    %jmp/0xz  T_31.0, 4;
    %pushi/vec4 0, 0, 32;
    %assign/vec4 v000001b1a3c1fa60_0, 0;
    %jmp T_31.1;
T_31.0 ;
    %load/vec4 v000001b1a3c1f6a0_0;
    %flag_set/vec4 8;
    %jmp/0xz  T_31.2, 8;
    %pushi/vec4 0, 0, 32;
    %load/vec4 v000001b1a3c206e0_0;
    %add;
    %assign/vec4 v000001b1a3c1fa60_0, 0;
    %jmp T_31.3;
T_31.2 ;
    %load/vec4 v000001b1a3c20460_0;
    %flag_set/vec4 9;
    %flag_get/vec4 9;
    %jmp/0 T_31.6, 9;
    %load/vec4 v000001b1a3c1f2e0_0;
    %and;
T_31.6;
    %flag_set/vec4 8;
    %jmp/0xz  T_31.4, 8;
    %load/vec4 v000001b1a3c1fa60_0;
    %load/vec4 v000001b1a3c200a0_0;
    %pad/u 32;
    %muli 8, 0, 32;
    %pushi/vec4 8, 0, 32;
    %div;
    %add;
    %assign/vec4 v000001b1a3c1fa60_0, 0;
T_31.4 ;
T_31.3 ;
T_31.1 ;
    %jmp T_31;
    .thread T_31;
    .scope S_000001b1a3760ab0;
T_32 ;
    %wait E_000001b1a3b7f930;
    %load/vec4 v000001b1a3c1fb00_0;
    %cmpi/e 0, 0, 1;
    %jmp/0xz  T_32.0, 4;
    %pushi/vec4 0, 0, 1;
    %assign/vec4 v000001b1a3c203c0_0, 0;
    %jmp T_32.1;
T_32.0 ;
    %load/vec4 v000001b1a3c1f060_0;
    %load/vec4 v000001b1a3c203c0_0;
    %and;
    %flag_set/vec4 8;
    %jmp/0xz  T_32.2, 8;
    %pushi/vec4 0, 0, 1;
    %assign/vec4 v000001b1a3c203c0_0, 0;
    %jmp T_32.3;
T_32.2 ;
    %load/vec4 v000001b1a3c1f6a0_0;
    %cmpi/e 1, 0, 1;
    %jmp/0xz  T_32.4, 4;
    %pushi/vec4 1, 0, 1;
    %assign/vec4 v000001b1a3c203c0_0, 0;
T_32.4 ;
T_32.3 ;
T_32.1 ;
    %jmp T_32;
    .thread T_32;
    .scope S_000001b1a3760ab0;
T_33 ;
    %wait E_000001b1a3b7f930;
    %load/vec4 v000001b1a3c1fb00_0;
    %cmpi/e 0, 0, 1;
    %jmp/0xz  T_33.0, 4;
    %pushi/vec4 0, 0, 1;
    %assign/vec4 v000001b1a3c20c80_0, 0;
    %jmp T_33.1;
T_33.0 ;
    %load/vec4 v000001b1a3c20460_0;
    %flag_set/vec4 10;
    %flag_get/vec4 10;
    %jmp/0 T_33.5, 10;
    %load/vec4 v000001b1a3c1f2e0_0;
    %and;
T_33.5;
    %flag_set/vec4 9;
    %flag_get/vec4 9;
    %jmp/0 T_33.4, 9;
    %load/vec4 v000001b1a3c20780_0;
    %and;
T_33.4;
    %flag_set/vec4 8;
    %jmp/0xz  T_33.2, 8;
    %pushi/vec4 0, 0, 1;
    %assign/vec4 v000001b1a3c20c80_0, 0;
    %jmp T_33.3;
T_33.2 ;
    %load/vec4 v000001b1a3c1f060_0;
    %load/vec4 v000001b1a3c203c0_0;
    %and;
    %flag_set/vec4 8;
    %jmp/0xz  T_33.6, 8;
    %pushi/vec4 1, 0, 1;
    %assign/vec4 v000001b1a3c20c80_0, 0;
    %jmp T_33.7;
T_33.6 ;
    %load/vec4 v000001b1a3c20c80_0;
    %assign/vec4 v000001b1a3c20c80_0, 0;
T_33.7 ;
T_33.3 ;
T_33.1 ;
    %jmp T_33;
    .thread T_33;
    .scope S_000001b1a3760ab0;
T_34 ;
    %wait E_000001b1a3b7f930;
    %load/vec4 v000001b1a3c1fb00_0;
    %cmpi/e 0, 0, 1;
    %jmp/0xz  T_34.0, 4;
    %pushi/vec4 0, 0, 1;
    %assign/vec4 v000001b1a3c20780_0, 0;
    %jmp T_34.1;
T_34.0 ;
    %load/vec4 v000001b1a3c20000_0;
    %cmpi/e 0, 0, 1;
    %jmp/0xz  T_34.2, 4;
    %load/vec4 v000001b1a3c20460_0;
    %flag_set/vec4 10;
    %flag_get/vec4 10;
    %jmp/0 T_34.7, 10;
    %load/vec4 v000001b1a3c1f2e0_0;
    %and;
T_34.7;
    %flag_set/vec4 9;
    %flag_get/vec4 9;
    %jmp/0 T_34.6, 9;
    %load/vec4 v000001b1a3c20780_0;
    %and;
T_34.6;
    %flag_set/vec4 8;
    %jmp/0xz  T_34.4, 8;
    %pushi/vec4 0, 0, 1;
    %assign/vec4 v000001b1a3c20780_0, 0;
    %jmp T_34.5;
T_34.4 ;
    %load/vec4 v000001b1a3c20c80_0;
    %flag_set/vec4 8;
    %jmp/0xz  T_34.8, 8;
    %pushi/vec4 1, 0, 1;
    %assign/vec4 v000001b1a3c20780_0, 0;
    %jmp T_34.9;
T_34.8 ;
    %load/vec4 v000001b1a3c20780_0;
    %assign/vec4 v000001b1a3c20780_0, 0;
T_34.9 ;
T_34.5 ;
    %jmp T_34.3;
T_34.2 ;
    %pushi/vec4 0, 0, 1;
    %assign/vec4 v000001b1a3c20780_0, 0;
T_34.3 ;
T_34.1 ;
    %jmp T_34;
    .thread T_34;
    .scope S_000001b1a3760ab0;
T_35 ;
    %wait E_000001b1a3b7f930;
    %load/vec4 v000001b1a3c1fb00_0;
    %cmpi/e 0, 0, 1;
    %jmp/0xz  T_35.0, 4;
    %pushi/vec4 0, 0, 32;
    %assign/vec4 v000001b1a3c1f420_0, 0;
    %jmp T_35.1;
T_35.0 ;
    %load/vec4 v000001b1a3c20140_0;
    %cmpi/ne 1, 0, 1;
    %jmp/0xz  T_35.2, 4;
    %pushi/vec4 0, 0, 32;
    %assign/vec4 v000001b1a3c1f420_0, 0;
    %jmp T_35.3;
T_35.2 ;
    %load/vec4 v000001b1a3c1f2e0_0;
    %load/vec4 v000001b1a3c20780_0;
    %and;
    %flag_set/vec4 8;
    %jmp/0xz  T_35.4, 8;
    %load/vec4 v000001b1a3c1f420_0;
    %addi 1, 0, 32;
    %assign/vec4 v000001b1a3c1f420_0, 0;
T_35.4 ;
T_35.3 ;
T_35.1 ;
    %jmp T_35;
    .thread T_35;
    .scope S_000001b1a3760ab0;
T_36 ;
    %wait E_000001b1a3b7f930;
    %load/vec4 v000001b1a3c1fb00_0;
    %cmpi/e 0, 0, 1;
    %jmp/0xz  T_36.0, 4;
    %pushi/vec4 0, 0, 1;
    %assign/vec4 v000001b1a3c1f4c0_0, 0;
    %jmp T_36.1;
T_36.0 ;
    %load/vec4 v000001b1a3c1f6a0_0;
    %flag_set/vec4 8;
    %jmp/0xz  T_36.2, 8;
    %pushi/vec4 0, 0, 1;
    %assign/vec4 v000001b1a3c1f4c0_0, 0;
    %jmp T_36.3;
T_36.2 ;
    %load/vec4 v000001b1a3c1f2e0_0;
    %load/vec4 v000001b1a3c20780_0;
    %and;
    %flag_set/vec4 9;
    %flag_get/vec4 9;
    %jmp/0 T_36.6, 9;
    %load/vec4 v000001b1a3c20500_0;
    %pushi/vec4 0, 0, 2;
    %cmp/ne;
    %flag_get/vec4 4;
    %and;
T_36.6;
    %flag_set/vec4 8;
    %jmp/0xz  T_36.4, 8;
    %pushi/vec4 1, 0, 1;
    %assign/vec4 v000001b1a3c1f4c0_0, 0;
T_36.4 ;
T_36.3 ;
T_36.1 ;
    %jmp T_36;
    .thread T_36;
    .scope S_000001b1a3bb9e90;
T_37 ;
    %wait E_000001b1a3b7f930;
    %load/vec4 v000001b1a3c29e50_0;
    %nor/r;
    %flag_set/vec4 8;
    %jmp/0xz  T_37.0, 8;
    %pushi/vec4 0, 0, 1;
    %assign/vec4 v000001b1a3c29f90_0, 0;
    %pushi/vec4 0, 0, 32;
    %assign/vec4 v000001b1a3c2a8f0_0, 0;
    %pushi/vec4 0, 0, 8;
    %assign/vec4 v000001b1a3c2a0d0_0, 0;
    %pushi/vec4 0, 0, 1;
    %assign/vec4 v000001b1a3c29c70_0, 0;
    %pushi/vec4 0, 0, 1;
    %assign/vec4 v000001b1a3c29ef0_0, 0;
    %jmp T_37.1;
T_37.0 ;
    %load/vec4 v000001b1a3c29a90_0;
    %flag_set/vec4 9;
    %flag_get/vec4 9;
    %jmp/0 T_37.4, 9;
    %load/vec4 v000001b1a3c2adf0_0;
    %and;
T_37.4;
    %flag_set/vec4 8;
    %jmp/0xz  T_37.2, 8;
    %pushi/vec4 1, 0, 1;
    %assign/vec4 v000001b1a3c29f90_0, 0;
    %load/vec4 v000001b1a3c2a530_0;
    %assign/vec4 v000001b1a3c2a8f0_0, 0;
    %pushi/vec4 0, 0, 8;
    %assign/vec4 v000001b1a3c2a0d0_0, 0;
T_37.2 ;
    %load/vec4 v000001b1a3c2aa30_0;
    %flag_set/vec4 9;
    %flag_get/vec4 9;
    %jmp/0 T_37.7, 9;
    %load/vec4 v000001b1a3c29d10_0;
    %and;
T_37.7;
    %flag_set/vec4 8;
    %jmp/0xz  T_37.5, 8;
    %load/vec4 v000001b1a3c2a170_0;
    %load/vec4 v000001b1a3c2a8f0_0;
    %load/vec4 v000001b1a3c2a0d0_0;
    %pad/u 32;
    %add;
    %ix/vec4 3;
    %ix/load 4, 0, 0; Constant delay
    %assign/vec4/a/d v000001b1a3c2ac10, 0, 4;
    %load/vec4 v000001b1a3c2a0d0_0;
    %addi 1, 0, 8;
    %assign/vec4 v000001b1a3c2a0d0_0, 0;
    %load/vec4 v000001b1a3c2a850_0;
    %flag_set/vec4 8;
    %jmp/0xz  T_37.8, 8;
    %pushi/vec4 1, 0, 1;
    %assign/vec4 v000001b1a3c29c70_0, 0;
T_37.8 ;
T_37.5 ;
    %load/vec4 v000001b1a3c29c70_0;
    %flag_set/vec4 8;
    %jmp/0xz  T_37.10, 8;
    %pushi/vec4 1, 0, 1;
    %assign/vec4 v000001b1a3c29ef0_0, 0;
T_37.10 ;
    %load/vec4 v000001b1a3c29ef0_0;
    %flag_set/vec4 9;
    %flag_get/vec4 9;
    %jmp/0 T_37.14, 9;
    %load/vec4 v000001b1a3c299f0_0;
    %and;
T_37.14;
    %flag_set/vec4 8;
    %jmp/0xz  T_37.12, 8;
    %pushi/vec4 0, 0, 1;
    %assign/vec4 v000001b1a3c29ef0_0, 0;
    %pushi/vec4 0, 0, 1;
    %assign/vec4 v000001b1a3c29c70_0, 0;
    %pushi/vec4 0, 0, 1;
    %assign/vec4 v000001b1a3c29f90_0, 0;
T_37.12 ;
T_37.1 ;
    %jmp T_37;
    .thread T_37;
    .scope S_000001b1a3bb9e90;
T_38 ;
    %wait E_000001b1a3b7f930;
    %load/vec4 v000001b1a3c29e50_0;
    %nor/r;
    %flag_set/vec4 8;
    %jmp/0xz  T_38.0, 8;
    %pushi/vec4 0, 0, 1;
    %assign/vec4 v000001b1a3c2ae90_0, 0;
    %pushi/vec4 0, 0, 32;
    %assign/vec4 v000001b1a3c29db0_0, 0;
    %pushi/vec4 0, 0, 8;
    %assign/vec4 v000001b1a3c2a030_0, 0;
    %pushi/vec4 0, 0, 1;
    %assign/vec4 v000001b1a3c2ad50_0, 0;
    %pushi/vec4 0, 0, 1;
    %assign/vec4 v000001b1a3c2aad0_0, 0;
    %jmp T_38.1;
T_38.0 ;
    %load/vec4 v000001b1a3c29b30_0;
    %flag_set/vec4 9;
    %flag_get/vec4 9;
    %jmp/0 T_38.4, 9;
    %load/vec4 v000001b1a3c2acb0_0;
    %and;
T_38.4;
    %flag_set/vec4 8;
    %jmp/0xz  T_38.2, 8;
    %pushi/vec4 1, 0, 1;
    %assign/vec4 v000001b1a3c2ae90_0, 0;
    %load/vec4 v000001b1a3c2a350_0;
    %assign/vec4 v000001b1a3c29db0_0, 0;
    %pushi/vec4 0, 0, 8;
    %assign/vec4 v000001b1a3c2a030_0, 0;
    %pushi/vec4 1, 0, 1;
    %assign/vec4 v000001b1a3c2ad50_0, 0;
T_38.2 ;
    %load/vec4 v000001b1a3c2ad50_0;
    %flag_set/vec4 9;
    %flag_get/vec4 9;
    %jmp/0 T_38.7, 9;
    %load/vec4 v000001b1a3c2aad0_0;
    %flag_set/vec4 9;
    %flag_get/vec4 9;
    %jmp/0 T_38.8, 9;
    %load/vec4 v000001b1a3c2a5d0_0;
    %and;
T_38.8;
    %nor/r;
    %and;
T_38.7;
    %flag_set/vec4 8;
    %jmp/0xz  T_38.5, 8;
    %pushi/vec4 1, 0, 1;
    %assign/vec4 v000001b1a3c2aad0_0, 0;
T_38.5 ;
    %load/vec4 v000001b1a3c2aad0_0;
    %flag_set/vec4 9;
    %flag_get/vec4 9;
    %jmp/0 T_38.11, 9;
    %load/vec4 v000001b1a3c2a5d0_0;
    %and;
T_38.11;
    %flag_set/vec4 8;
    %jmp/0xz  T_38.9, 8;
    %load/vec4 v000001b1a3c2a030_0;
    %load/vec4 v000001b1a3c2a210_0;
    %cmp/e;
    %jmp/0xz  T_38.12, 4;
    %pushi/vec4 0, 0, 1;
    %assign/vec4 v000001b1a3c2aad0_0, 0;
    %pushi/vec4 0, 0, 1;
    %assign/vec4 v000001b1a3c2ad50_0, 0;
    %pushi/vec4 0, 0, 1;
    %assign/vec4 v000001b1a3c2ae90_0, 0;
    %jmp T_38.13;
T_38.12 ;
    %load/vec4 v000001b1a3c2a030_0;
    %addi 1, 0, 8;
    %assign/vec4 v000001b1a3c2a030_0, 0;
T_38.13 ;
T_38.9 ;
T_38.1 ;
    %jmp T_38;
    .thread T_38;
    .scope S_000001b1a374d2e0;
T_39 ;
    %pushi/vec4 0, 0, 1;
    %store/vec4 v000001b1a3c29630_0, 0, 1;
    %pushi/vec4 0, 0, 1;
    %store/vec4 v000001b1a3c270b0_0, 0, 1;
    %pushi/vec4 0, 0, 1;
    %store/vec4 v000001b1a3c27a10_0, 0, 1;
    %pushi/vec4 0, 0, 1;
    %store/vec4 v000001b1a3c28910_0, 0, 1;
    %pushi/vec4 0, 0, 32;
    %store/vec4 v000001b1a3c275b0_0, 0, 32;
    %pushi/vec4 0, 0, 32;
    %store/vec4 v000001b1a3c2e840_0, 0, 32;
    %pushi/vec4 0, 0, 32;
    %store/vec4 v000001b1a3c287d0_0, 0, 32;
    %pushi/vec4 0, 0, 1;
    %store/vec4 v000001b1a3c27010_0, 0, 1;
    %pushi/vec4 0, 0, 1;
    %store/vec4 v000001b1a3c27dd0_0, 0, 1;
    %end;
    .thread T_39, $init;
    .scope S_000001b1a374d2e0;
T_40 ;
    %delay 5, 0;
    %load/vec4 v000001b1a3c29630_0;
    %inv;
    %store/vec4 v000001b1a3c29630_0, 0, 1;
    %jmp T_40;
    .thread T_40;
    .scope S_000001b1a374d2e0;
T_41 ;
    %delay 5, 0;
    %load/vec4 v000001b1a3c270b0_0;
    %inv;
    %store/vec4 v000001b1a3c270b0_0, 0, 1;
    %jmp T_41;
    .thread T_41;
    .scope S_000001b1a374d2e0;
T_42 ;
    %delay 5, 0;
    %load/vec4 v000001b1a3c27a10_0;
    %inv;
    %store/vec4 v000001b1a3c27a10_0, 0, 1;
    %jmp T_42;
    .thread T_42;
    .scope S_000001b1a374d2e0;
T_43 ;
    %vpi_call/w 3 370 "$dumpfile", "tb_axi_master_simple.vcd" {0 0 0};
    %vpi_call/w 3 371 "$dumpvars", 32'sb00000000000000000000000000000000, S_000001b1a374d2e0 {0 0 0};
    %vpi_call/w 3 373 "$display", "==============================================" {0 0 0};
    %vpi_call/w 3 374 "$display", " AXI_FULL_Master_With_USER_Port \347\256\200\345\215\225\346\265\213\350\257\225\345\271\263\345\217\260" {0 0 0};
    %vpi_call/w 3 375 "$display", "==============================================" {0 0 0};
    %pushi/vec4 10, 0, 32;
T_43.0 %dup/vec4;
    %pushi/vec4 0, 0, 32;
    %cmp/s;
    %jmp/1xz T_43.1, 5;
    %jmp/1 T_43.1, 4;
    %pushi/vec4 1, 0, 32;
    %sub;
    %wait E_000001b1a3b7f930;
    %jmp T_43.0;
T_43.1 ;
    %pop/vec4 1;
    %pushi/vec4 1, 0, 1;
    %store/vec4 v000001b1a3c28910_0, 0, 1;
    %pushi/vec4 5, 0, 32;
T_43.2 %dup/vec4;
    %pushi/vec4 0, 0, 32;
    %cmp/s;
    %jmp/1xz T_43.3, 5;
    %jmp/1 T_43.3, 4;
    %pushi/vec4 1, 0, 32;
    %sub;
    %wait E_000001b1a3b7f930;
    %jmp T_43.2;
T_43.3 ;
    %pop/vec4 1;
    %vpi_call/w 3 383 "$display", "[TC1] \345\237\272\346\234\254\345\206\231\347\252\201\345\217\221 len=8 @0x100" {0 0 0};
    %pushi/vec4 256, 0, 32;
    %store/vec4 v000001b1a3c2a7b0_0, 0, 32;
    %pushi/vec4 8, 0, 8;
    %store/vec4 v000001b1a3c2a2b0_0, 0, 8;
    %pushi/vec4 16, 0, 8;
    %store/vec4 v000001b1a3c2a3f0_0, 0, 8;
    %fork TD_tb_axi_master_simple.wr_burst, S_000001b1a3c2b1d0;
    %join;
    %vpi_call/w 3 387 "$display", "[TC2] \345\237\272\346\234\254\350\257\273\347\252\201\345\217\221 len=8 @0x100" {0 0 0};
    %pushi/vec4 256, 0, 32;
    %store/vec4 v000001b1a3c262b0_0, 0, 32;
    %pushi/vec4 8, 0, 8;
    %store/vec4 v000001b1a3c25310_0, 0, 8;
    %fork TD_tb_axi_master_simple.rd_burst, S_000001b1a3bbfd90;
    %join;
    %vpi_call/w 3 391 "$display", "[TC3] \345\215\225\346\213\215\345\206\231 + \345\215\225\346\213\215\350\257\273 @0x108" {0 0 0};
    %pushi/vec4 264, 0, 32;
    %store/vec4 v000001b1a3c2a7b0_0, 0, 32;
    %pushi/vec4 1, 0, 8;
    %store/vec4 v000001b1a3c2a2b0_0, 0, 8;
    %pushi/vec4 165, 0, 8;
    %store/vec4 v000001b1a3c2a3f0_0, 0, 8;
    %fork TD_tb_axi_master_simple.wr_burst, S_000001b1a3c2b1d0;
    %join;
    %pushi/vec4 264, 0, 32;
    %store/vec4 v000001b1a3c262b0_0, 0, 32;
    %pushi/vec4 1, 0, 8;
    %store/vec4 v000001b1a3c25310_0, 0, 8;
    %fork TD_tb_axi_master_simple.rd_burst, S_000001b1a3bbfd90;
    %join;
    %vpi_call/w 3 396 "$display", "[TC4] \347\224\250\346\210\267\350\257\273\345\217\215\345\216\213 @0x200" {0 0 0};
    %pushi/vec4 512, 0, 32;
    %store/vec4 v000001b1a3c2a7b0_0, 0, 32;
    %pushi/vec4 8, 0, 8;
    %store/vec4 v000001b1a3c2a2b0_0, 0, 8;
    %pushi/vec4 32, 0, 8;
    %store/vec4 v000001b1a3c2a3f0_0, 0, 8;
    %fork TD_tb_axi_master_simple.wr_burst, S_000001b1a3c2b1d0;
    %join;
    %pushi/vec4 512, 0, 32;
    %store/vec4 v000001b1a3c26350_0, 0, 32;
    %pushi/vec4 8, 0, 8;
    %store/vec4 v000001b1a3c265d0_0, 0, 8;
    %fork TD_tb_axi_master_simple.rd_burst_pause, S_000001b1a3712cf0;
    %join;
    %vpi_call/w 3 401 "$display", "[TC5] \347\224\250\346\210\267\345\206\231\345\217\215\345\216\213 @0x300" {0 0 0};
    %pushi/vec4 768, 0, 32;
    %store/vec4 v000001b1a3c2a990_0, 0, 32;
    %pushi/vec4 8, 0, 8;
    %store/vec4 v000001b1a3c278d0_0, 0, 8;
    %pushi/vec4 48, 0, 8;
    %store/vec4 v000001b1a3c27150_0, 0, 8;
    %fork TD_tb_axi_master_simple.wr_burst_pause, S_000001b1a3c2bb80;
    %join;
    %pushi/vec4 768, 0, 32;
    %store/vec4 v000001b1a3c262b0_0, 0, 32;
    %pushi/vec4 8, 0, 8;
    %store/vec4 v000001b1a3c25310_0, 0, 8;
    %fork TD_tb_axi_master_simple.rd_burst, S_000001b1a3bbfd90;
    %join;
    %load/vec4 v000001b1a3c275b0_0;
    %pushi/vec4 0, 0, 32;
    %cmp/e;
    %flag_get/vec4 4;
    %store/vec4 v000001b1a3c27010_0, 0, 1;
    %pushi/vec4 1, 0, 1;
    %store/vec4 v000001b1a3c27dd0_0, 0, 1;
    %vpi_call/w 3 408 "$display", "==============================================" {0 0 0};
    %vpi_call/w 3 409 "$display", " \345\206\231\344\272\213\345\212\241\346\225\260: %0d   \350\257\273\344\272\213\345\212\241\346\225\260: %0d", v000001b1a3c2e840_0, v000001b1a3c287d0_0 {0 0 0};
    %load/vec4 v000001b1a3c275b0_0;
    %cmpi/e 0, 0, 32;
    %jmp/0xz  T_43.4, 4;
    %vpi_call/w 3 411 "$display", " \347\273\223\346\236\234    : ALL PASS" {0 0 0};
    %jmp T_43.5;
T_43.4 ;
    %vpi_call/w 3 413 "$display", " \347\273\223\346\236\234    : %0d \344\270\252\351\224\231\350\257\257", v000001b1a3c275b0_0 {0 0 0};
T_43.5 ;
    %vpi_call/w 3 414 "$display", "==============================================" {0 0 0};
    %pushi/vec4 100, 0, 32;
T_43.6 %dup/vec4;
    %pushi/vec4 0, 0, 32;
    %cmp/s;
    %jmp/1xz T_43.7, 5;
    %jmp/1 T_43.7, 4;
    %pushi/vec4 1, 0, 32;
    %sub;
    %wait E_000001b1a3b7f930;
    %jmp T_43.6;
T_43.7 ;
    %pop/vec4 1;
    %vpi_call/w 3 419 "$finish" {0 0 0};
    %end;
    .thread T_43;
    .scope S_000001b1a374d2e0;
T_44 ;
    %delay 500000, 0;
    %load/vec4 v000001b1a3c27dd0_0;
    %cmpi/e 0, 0, 1;
    %jmp/0xz  T_44.0, 6;
    %vpi_call/w 3 426 "$display", "[FAIL] \344\273\277\347\234\237\350\266\205\346\227\266 (500us), \346\265\213\350\257\225\346\234\252\345\256\214\346\210\220" {0 0 0};
    %vpi_call/w 3 427 "$finish" {0 0 0};
T_44.0 ;
    %end;
    .thread T_44;
# The file index is used to find the file name in the following table.
:file_names 10;
    "N/A";
    "<interactive>";
    "-";
    "tb_axi_master_simple.sv";
    "../rtl/AXI_FULL_Master_With_USER_Port/AXI_FULL_Master_With_USER_Port.v";
    "../rtl/AXI_FULL_Master_With_USER_Port/Data_RX.v";
    "../rtl/FIFO/fifo_async.v";
    "../rtl/AXI_FULL_Master_With_USER_Port/Data_TX.v";
    "../rtl/AXI_FULL_Master_With_USER_Port/axi_rd_master.v";
    "../rtl/AXI_FULL_Master_With_USER_Port/axi_wr_master.v";
